rowid,plntname,ra_str,ra,dec_str,dec,mlmassplnj,mlmassplnjerr1,mlmassplnjerr2,mlmassplnjlim,mlmassplne,mlmassplneerr1,mlmassplneerr2,mlmassplnelim,mlsmaproj,mlsmaprojerr1,mlsmaprojerr2,mlsmaprojlim,mlmasslens,mlmasslenserr1,mlmasslenserr2,mlmasslenslim,mldistl,mldistlerr1,mldistlerr2,mldistllim,mldists,mldistserr1,mldistserr2,mldistslim,mltsepmin,mltsepminerr1,mltsepminerr2,mltsepminlim,mlsepminnorm,mlsepminnormerr1,mlsepminnormerr2,mlsepminnormlim,mlxtimeein,mlxtimeeinerr1,mlxtimeeinerr2,mlxtimeeinlim,mlradsnorm,mlradsnormerr1,mlradsnormerr2,mlradsnormlim,mlsepinsnorp,mlsepinsnorperr1,mlsepinsnorperr2,mlsepinsnorplim,mlmassratio,mlmassratioerr1,mlmassratioerr2,mlmassratiolim,mlangstlax,mlangstlaxerr1,mlangstlaxerr2,mlangstlaxlim,mlmagis,mlmagiserr1,mlmagiserr2,mlmagislim,mlmagibl,mlmagiblerr1,mlmagiblerr2,mlmagibllim,mlradeinang,mlradeinangerr1,mlradeinangerr2,mlradeinanglim,mlpmrells,mlpmrellserr1,mlpmrellserr2,mlpmrellslim,mlmodeldef,plntreflink,glon,glat,mlplxrel,mlplxrelerr1,mlplxrelerr2,mlplxrellim,mlplxmicro,mlplxmicroerr1,mlplxmicroerr2,mlplxmicrolim,mlplxmicron,mlplxmicronerr1,mlplxmicronerr2,mlplxmicronlim,mlplxmicroe,mlplxmicroeerr1,mlplxmicroeerr2,mlplxmicroelim,mldsdt,mldsdterr1,mldsdterr2,mldsdtlim,mldalphadt,mldalphadterr1,mldalphadterr2,mldalphadtlim,mlradsang,mlradsangerr1,mlradsangerr2,mlradsanglim,mlradsphy,mlradsphyerr1,mlradsphyerr2,mlradsphylim,mlxtimesrc,mlxtimesrcerr1,mlxtimesrcerr2,mlxtimesrclim,mlefftime,mlefftimeerr1,mlefftimeerr2,mlefftimelim,mlpms,mlpmserr1,mlpmserr2,mlpmslim,mlmagvs,mlmagvserr1,mlmagvserr2,mlmagvslim,mlmagvso,mlmagvsoerr1,mlmagvsoerr2,mlmagvsolim,mlmagiso,mlmagisoerr1,mlmagisoerr2,mlmagisolim,mlmagjs,mlmagjserr1,mlmagjserr2,mlmagjslim,mlmagjso,mlmagjsoerr1,mlmagjsoerr2,mlmagjsolim,mlmaghs,mlmaghserr1,mlmaghserr2,mlmaghslim,mlmaghso,mlmaghsoerr1,mlmaghsoerr2,mlmaghsolim,mlmagks,mlmagkserr1,mlmagkserr2,mlmagkslim,mlmagkso,mlmagksoerr1,mlmagksoerr2,mlmagksolim,mlmagibase,mlmagibaseerr1,mlmagibaseerr2,mlmagibaselim,mlmagvl,mlmagvlerr1,mlmagvlerr2,mlmagvllim,mlmagil,mlmagilerr1,mlmagilerr2,mlmagillim,mlmagjl,mlmagjlerr1,mlmagjlerr2,mlmagjllim,mlmaghl,mlmaghlerr1,mlmaghlerr2,mlmaghllim,mlmagkl,mlmagklerr1,mlmagklerr2,mlmagkllim,mlextvfld,mlextvflderr1,mlextvflderr2,mlextvfldlim,mlextifld,mlextiflderr1,mlextiflderr2,mlextifldlim,mlextjfld,mlextjflderr1,mlextjflderr2,mlextjfldlim,mlexthfld,mlexthflderr1,mlexthflderr2,mlexthfldlim,mlextkfld,mlextkflderr1,mlextkflderr2,mlextkfldlim,mlcolvis,mlcolviserr1,mlcolviserr2,mlcolvislim,mlcolviso,mlcolvisoerr1,mlcolvisoerr2,mlcolvisolim,mlcolvks,mlcolvkserr1,mlcolvkserr2,mlcolvkslim,mlcolvkso,mlcolvksoerr1,mlcolvksoerr2,mlcolvksolim,mlcolihs,mlcolihserr1,mlcolihserr2,mlcolihslim,mlcolihso,mlcolihsoerr1,mlcolihsoerr2,mlcolihsolim,mlcolhks,mlcolhkserr1,mlcolhkserr2,mlcolhkslim,mlcolhkso,mlcolhksoerr1,mlcolhksoerr2,mlcolhksolim,mlcolvibl,mlcolviblerr1,mlcolviblerr2,mlcolvibllim,mlredvi,mlredvierr1,mlredvierr2,mlredvilim,mlredvk,mlredvkerr1,mlredvkerr2,mlredvklim,mlredhk,mlredhkerr1,mlredhkerr2,mlredhklim,mlmodelchisq,mlcbflag,mldescription
1,OGLE-2012-BLG-0563L b,18h05m57.72s,271.4905,-27d42m43.2s,-27.712,0.39,0.14,-0.23,0,120,44,-73,0,0.74,0.26,-0.42,0,0.34,0.12,-0.2,0,1300,600,-800,0,9100,900,-1100,0,2456069.028,0.00026,-0.00026,0,0.001405,0.00004,-0.00004,0,77.5,2.2,-2.2,0,0.327,0.024,-0.026,0,0.4134,0.0032,-0.0032,0,10.86,0.4,-0.4,0,5.7843,0.0013,-0.0013,0,20.115,0.031,-0.031,0,,,,,1.36,0.14,-0.12,0,6.4,0.6,-0.5,0,1,<a href=https://ui.adsabs.harvard.edu/abs/2015ApJ...809...74F/abstract target=ref>Fukui et al. 2015</a>,3.312164,-3.251965,,,,,1.53,,,1,,,,,,,,,,,,,,,,,0.446,0.023,-0.023,0,,,,,,,,,,,,,,,,,21.595,0.032,-0.032,0,19.73,0.07,-0.07,0,19.14,0.08,-0.08,0,19.02,0.09,-0.09,0,18.6,0.09,-0.09,0,18.569,0.032,-0.032,0,18.314,0.041,-0.041,0,18.4,0.1,-0.1,0,18.25,0.09,-0.09,0,,,,,,,,,,,,,,,,,,,,,,,,,1.8,0.09,-0.09,0,0.98,0.08,-0.08,0,0.423,0.024,-0.024,0,0.255,0.029,-0.029,0,0.157,0.017,-0.017,0,1.48,0.032,-0.032,0,0.66,0.027,-0.027,0,,,,,1.48,0.06,-0.06,0,,,,,,,,,,,,,,,,,,,,,0.82,0.042,-0.042,0,,,,,,,,,7068.6,0,close model chosen as default due to lower chi-squared; quoted proper motion in geocentric frame
2,MOA-2010-BLG-328L b,17h57m59.12s,269.496333,-30d42m54.63s,-30.715175,0.029,0.007,-0.007,0,9.2,2.2,-2.2,0,0.92,0.16,-0.16,0,0.11,0.01,-0.01,0,810,100,-100,0,8000,300,-300,0,2455378.683,0.014,-0.014,0,-0.0721,0.0008,-0.0008,0,62.6,0.6,-0.6,0,0.93,0.1,-0.1,0,1.154,0.016,-0.016,0,2.6,0.53,-0.53,0,-0.2743,0.0087,-0.0087,0,19.49,,,0,,,,,0.98,0.12,-0.12,0,5.71,0.7,-0.7,0,1,<a href=https://ui.adsabs.harvard.edu/abs/2013ApJ...779...91F/abstract target=ref>Furusawa et al. 2013</a>,359.835949,-3.213775,,,,,1.13,0.07,-0.07,0,1.01,0.06,-0.06,0,-0.51,0.04,-0.04,0,0.92,0.23,-0.23,0,-2.7,0.14,-0.14,0,0.91,0.06,-0.06,0,1.5,,,0,,,,,,,,,,,,,,,,,,,,,17.66,0.04,-0.04,0,,,,,,,,,,,,,,,,,,,,,16.89,0.26,-0.26,0,,,,,,,,,,,,,19.73,0.39,-0.39,0,19.13,0.37,-0.37,0,18.76,0.36,-0.36,0,,,,,,,,,0.13,0.02,-0.02,0,0.09,0.01,-0.01,0,0.05,0.01,-0.01,0,0.44,,,0,0.7,0.1,-0.1,0,,,,,1.51,0.23,-0.23,0,,,,,,,,,,,,,,,,,,,,,,,,,,,,,,,,,5657.75,0,u0 < 0 + orbital parallax + orbital motion model chosen as default due to lower chi-squared
4,OGLE-2015-BLG-0051L b,17h58m39.01s,269.662537,-28d01m54.1s,-28.031694,0.72,0.65,-0.07,0,230,210,-20,0,0.73,0.08,-0.08,0,0.1,0.09,-0.01,0,8200,900,-900,0,,,,,2457083.081,0.003,-0.003,0,0.224,0.002,-0.002,0,10.81,0.07,-0.07,0,45.3,0.6,-0.6,0,0.963,0.002,-0.002,0,74.3,1.3,-1.3,0,5.358,0.002,-0.002,0,,,,,,,,,0.093,0.008,-0.008,0,3.15,0.28,-0.28,0,1,<a href=https://ui.adsabs.harvard.edu/abs/2016AJ....152...95H/abstract target=ref>Han et al. 2016</a>,2.23748,-2.00263,,,,,,,,,,,,,,,,,,,,,,,,,4.4,0.38,-0.38,0,,,,,,,,,,,,,,,,,,,,,,,,,14.5,0.03,-0.03,0,,,,,,,,,,,,,,,,,,,,,,,,,,,,,,,,,,,,,,,,,,,,,,,,,,,,,,,,,,,,,,,,,,,,,,,,,0.77,0.05,-0.05,0,,,,,,,,,,,,,,,,,,,,,,,,,,,,,,,,,,,,,,,,,3057.1,0,
5,OGLE-2012-BLG-0724L b,17h55m52.39s,268.968292,-29d49m6.7s,-29.818528,0.47,0.54,-0.26,0,150,170,-83,0,1.6,0.4,-0.3,0,0.29,0.33,-0.16,0,6700,1100,-1200,0,,,,,2456071.038,0.001,-0.001,0,0.008383,0.000612,-0.000612,0,13.3556,0.8479,-0.8479,0,1.4098,0.1282,-0.1282,0,0.9195,0.0053,-0.0053,0,15.848,1.451,-1.451,0,1.57,0.0117,-0.0117,0,21.89,0.07,-0.07,0,,,,,0.239,0.028,-0.028,0,6.52,0.87,-0.87,0,1,<a href=https://ui.adsabs.harvard.edu/abs/2016ApJ...824..139H/abstract target=ref>Hirao et al. 2016</a>,0.385001,-2.370432,,,,,,,,,,,,,,,,,,,,,,,,,0.336,0.025,-0.025,0,,,,,,,,,,,,,,,,,,,,,,,,,20.43,0.09,-0.09,0,,,,,,,,,20.52,0.12,-0.12,0,,,,,,,,,,,,,,,,,,,,,,,,,,,,,,,,,,,,,,,,,,,,,,,,,,,,,,,,,2.231,0.002,-0.002,0,0.98,0.06,-0.06,0,,,,,,,,,,,,,,,,,,,,,,,,,,,,,,,,,,,,,,,,,35752.4,0,close model chosen as default due to lower chi-squared; quoted proper motion in geocentric frame
7,MOA-2011-BLG-028L b,18h03m24.96s,270.854,-29d12m48.3s,-29.213417,0.09,0.05,-0.04,0,30,16,-12,0,4.14,0.64,-0.64,0,0.75,0.35,-0.3,0,7380,520,-620,0,8610,640,-640,0,2455673.81,0.18,-0.18,0,0.906,0.021,-0.037,0,34.2,0.74,-0.74,0,17.4,2.2,-2.2,0,1.691,0.036,-0.036,0,1.27,0.25,-0.25,0,-2.192,0.023,-0.023,0,15.3,,,0,,,,,0.337,0.053,-0.053,0,3.59,0.58,-0.58,0,1,<a href=https://ui.adsabs.harvard.edu/abs/2016ApJ...820....4S/abstract target=ref>Skowron et al. 2016</a>,1.725752,-3.495602,,,,,0.113,0.139,-0.076,0,0.07,0.16,-0.12,0,-0.002,0.033,-0.033,0,-0.56,0.61,-0.52,0,-0.09,0.44,-0.44,0,6.08,0.65,-0.65,0,,,,,0.594,0.072,-0.072,0,30.76,0.61,-0.82,0,2.83,0.37,-0.37,0,,,,,15.37,0.1,-0.1,0,14.33,0.1,-0.1,0,,,,,,,,,,,,,,,,,,,,,,,,,,,,,,,,,,,,,,,,,,,,,19,1.4,1.4,0,1.76,,,0,0.97,,,0,,,,,,,,,0.16,,,0,1.829,0.06,-0.06,0,1.04,0.06,-0.06,0,,,,,2.41,0.15,-0.15,0,,,,,,,,,,,,,,,,,,,,,0.79,,,0,,,,,,,,,2595.43,0,u0 > 0 raw MCMC model chosen as default due to lower chi-squared (see Table 1); quoted proper motion in geocentric frame; quoted source proper motion in Galactic coordinates relative to bulge stars
8,OGLE-2017-BLG-0373L b,17h57m19.06s,269.329407,-31d57m06.2s,-31.951723,0.401,0.637,-0.257,0,127,202,-82,0,2.424,0.757,-0.783,0,0.248,0.274,-0.133,0,5915,1123,-1478,0,,,,,2457840.607,0.054,-0.054,0,0.416,0.011,-0.011,0,11.993,0.243,-0.243,0,2.935,0.19,-0.19,0,1.376,0.01,-0.01,0,15.44,3.52,-3.52,0,2.461,0.015,-0.015,0,,,,,,,,,0.288,0.029,-0.029,0,8.81,0.097,-0.097,0,1,<a href=https://ui.adsabs.harvard.edu/abs/2018arXiv180210067S/abstract target=ref>Skowron et al. 2018</a>,-1.31,-3.71,,,,,,,,,,,,,,,,,,,,,,,,,0.845,0.079,-0.079,0,,,,,0.035,0.002,-0.002,0,4.988,0.089,-0.089,0,,,,,,,,,,,,,17.97,0.09,-0.09,0,,,,,,,,,,,,,,,,,,,,,,,,,,,,,,,,,,,,,,,,,,,,,,,,,,,,,,,,,,,,,,,,,,,,,,,,,0.76,0.06,-0.06,0,,,,,,,,,,,,,,,,,,,,,,,,,,,,,,,,,,,,,,,,,2795,0,Local A model chosen as default due to lower chi-squared
9,OGLE-2017-BLG-1434L b,17h53m07.29s,268.280365,-30d14m44.6s,-30.245722,0.014,0.002,-0.002,0,4.5,0.5,-0.5,0,1.18,0.1,-0.1,0,0.234,0.026,-0.026,0,860,90,-90,0,,,,,2457984.978,0.004,-0.004,0,0.043,0.001,-0.001,0,62.957,0.863,-0.863,0,0.4692,0.0093,-0.0093,0,0.979,0.0004,-0.0004,0,0.5722,0.0145,-0.0145,0,4.551,0.002,-0.002,0,18.45,0.063,-0.063,0,,,,,1.4,0.09,-0.09,0,8.1,0.5,-0.5,0,1,<a href=https://ui.adsabs.harvard.edu/abs/2018AcA....68....1U/abstract target=ref>Udalski et al. 2018</a>,-0.28,-2.07,,,,,0.752,0.082,-0.082,0,-0.586,0.081,-0.081,0,0.472,0.013,-0.013,0,0.069,0.044,-0.044,0,-0.218,1.432,-1.432,0,0.657,0.041,-0.041,0,,,,,,,,,,,,,,,,,,,,,,,,,,,,,,,,,,,,,,,,,,,,,,,,,,,,,,,,,,,,,,,,,,,,,,,,,,,,,,,,,,,,,,,,,,,,,,,,,0.732,0.025,-0.025,0,,,,,,,,,,,,,,,,,,,,,,,,,,,,,,,,,,,,,,,,,,,,,18654.14,0,orbital parallax + orbital motion u_0 > 0 model chosen as default due to lower chi-squared
14,MOA-2007-BLG-400L b,18h09m41.98s,272.424917,-29d13m26.95s,-29.224153,0.83,0.49,-0.31,0,260,160,-99,0,6.5,3.2,-1.2,0,0.3,0.19,-0.12,0,5800,600,-800,0,,,,,2454354.581,,,0,0.00027,,,0,14.33,,,0,0.00329,,,0,2.87,,,0,25,,,0,3.9617,,,0,,,,,,,,,0.32,,,0,8,,,0,1,<a href=https://ui.adsabs.harvard.edu/abs/2009ApJ...698.1826D/abstract target=ref>Dong et al. 2009</a>,2.38,-4.7,,,,,,,,,,,,,,,,,,,,,,,,,1.05,0.05,-0.05,0,,,,,,,,,,,,,,,,,,,,,,,,,17.57,,,0,,,,,,,,,,,,,,,,,,,,,,,,,,,,,,,,,,,,,,,,,,,,,,,,,,,,,,,,,,,,,,,,,,,,,,,,,0.81,,,0,,,,,1.75,,,,,,,,,,,,,,,,,,,,,,,,,,,,,,,,,,,,1070.04,0,wide model chosen as default; reported chi-squared refers to delta chi-squared improvement over single-lens model
15,OGLE-2017-BLG-0482L b,17h56m11.73s,269.048889,-30d31m42.1s,-30.52836,0.028,0.028,-0.014,0,9,9,-4.5,0,1.8,0.6,-0.7,0,0.2,0.2,-0.1,0,5800,1800,-2100,0,8100,1600,-1800,0,2457873.948,0.013,-0.013,0,0.059,0.002,-0.002,0,40.01,1.45,-1.45,0,6,,,1,1.07,0.01,-0.01,0,1.35,0.2,-0.2,0,0.369,0.023,-0.023,0,,,,,,,,,0.093,,,-1,0.86,,,-1,1,<a href=https://ui.adsabs.harvard.edu/abs/2018AJ....155..211H/abstract target=ref>Han et al. 2018</a>,-0.2,-2.8,,,,,,,,,0.19,0.75,-0.75,0,-0.06,0.12,-0.12,0,-1.94,0.82,-0.82,0,-0.29,0.27,-0.27,0,0.56,,,0,,,,,,,,,,,,,,,,,,,,,,,,,,,,,,,,,,,,,,,,,,,,,,,,,,,,,,,,,,,,,,,,,,,,,,,,,,,,,,,,,,,,,,,,,,,,,,,,,,,,,,,,,,,,,,,,,,,,,,,,,,,,,,,,,,,,,,,,,,,,,,,,,1548.4,0,u0 > 0 model chosen as default due to lower chi-squared
22,OGLE-2013-BLG-0341L B b,17h52m07.49s,268.031208,-29d50m46.0s,-29.846111,0.00522,0.00057,-0.00057,0,1.66,0.18,-0.18,0,0.702,0.022,-0.022,0,0.1127,0.0089,-0.0089,0,911,70,-70,0,,,,,2456409.148,0.018,-0.018,0,0.0013,0.0008,-0.0008,0,32.26,0.16,-0.16,0,3.0543,0.0159,-0.0159,0,0.815,0.003,-0.003,0,0.443,0.029,-0.029,0,0.199,0.0106,-0.0106,0,18.613,0.0066,-0.0066,0,,,,,,,,,,,,,1,<a href=https://ui.adsabs.harvard.edu/abs/2014Sci...345...46G/abstract target=ref>Gould et al. 2014</a>,-0.05,-1.68,,,,,,,,,0.785,0.046,-0.046,0,0.671,0.016,-0.016,0,,,,,,,,,2.89,0.23,-0.23,0,,,,,,,,,,,,,,,,,,,,,,,,,16.35,,,,,,,,,,,,,,,,,,,,,,,,,,,,,,,,,,,,,,,,,,,,,,,,,,,,,,,,,,,,,,,,,,,,,,,,,,,,1.15,0.03,-0.03,0,,,,,,,,,,,,,,,,,,,,,,,,,,,,,,,,,,,,,,,,,8876,0,wide u0 > 0 model chosen as default; de-reddened (V-I) source color taken from OGLE
24,OGLE-2017-BLG-0173L b,17h51m52.95s,267.970612,-29d16m16.9s,-29.27136,0.01029,0.01211,-0.00634,0,3.269,3.849,-2.015,0,3.913,1.615,-1.649,0,0.396,0.39,-0.227,0,4705,1468,-1763,0,,,,,2457837.946,0.059,-0.059,0,0.867,0.043,-0.043,0,30.46,1.04,-1.04,0,10.024,0.512,-0.512,0,1.54,0.031,-0.031,0,0.2479,0.0242,-0.0242,0,1.332,0.004,-0.004,0,,,,,,,,,0.54,0.03,-0.03,0,6.5,0.4,-0.4,0,1,<a href=https://ui.adsabs.harvard.edu/abs/2018AJ....155...20H/abstract target=ref>Hwang et al. 2018</a>,0.417764,-1.344937,,,,,,,,,,,,,,,,,,,,,,,,,5.43,0.35,-0.35,0,,,,,,,,,,,,,,,,,,,,,,,,,14.98,,,0,,,,,,,,,14.09,0.12,-0.12,0,,,,,,,,,,,,,,,,,,,,,,,,,,,,,,,,,,,,,,,,,,,,,,,,,,,,,,,,,,,,,1.19,,,0,,,,,,,,,3.71,0.06,-0.06,0,,,,,,,,,,,,,,,,,,,,,,,,,,,,,7442.07,0,Model B chosen as default due to lower chi-squared
25,OGLE-2008-BLG-355L b,17h59m08.81s,269.786708,-30d45m34.1s,-30.759472,4.6,3.7,-2.2,0,1500,1200,-700,0,1.7,0.29,-0.3,0,0.37,0.3,-0.17,0,6800,1100,-1100,0,,,,,2454642,0.2,-0.2,0,0.27,0.03,-0.03,0,34,2.2,-2.2,0,2.17,0.15,-0.15,0,0.877,0.01,-0.01,0,118,6,-6,0,0.814,0.022,-0.022,0,20.02,0.12,-0.12,0,19.24,0.07,-0.07,0,0.28,0.03,-0.03,0,3.06,0.38,-0.38,0,1,<a href=https://ui.adsabs.harvard.edu/abs/2014ApJ...788..128K/abstract target=ref>Koshimoto et al. 2014</a>,359.921637,-3.452388,,,,,,,,,,,,,,,,,,,,,,,,,0.62,0.08,-0.08,0,,,,,,,,,,,,,,,,,,,,,,,,,18.39,0.13,-0.13,0,,,,,,,,,,,,,,,,,,,,,17.65,0.19,-0.19,0,,,,,,,,,,,,,,,,,,,,,,,,,,,,,1.63,,,0,,,,,,,,,,,,,1.96,0.07,-0.07,,0.65,0.1,-0.1,0,,,,,1.38,0.19,-0.19,0,,,,,,,,,,,,,,,,,2.57,0.54,-0.54,0,1.31,,,0,,,,,,,,,1443.7,0,the quoted value and uncertainty for alpha (Source Trajectory-lens Axis Angle) correspond to the value and uncertainty for theta presented in Table 1
26,MOA-2010-BLG-353L b,18h05m12.94s,271.303917,-27d17m35.64s,-27.293233,0.27,0.48,-0.16,0,86,150,-51,0,1.72,0.56,-0.48,0,0.18,0.32,-0.11,0,6430,1090,-1150,0,8000,,,0,2455381.24,0.06,-0.06,0,-0.79,0.08,-0.08,0,11.3,0.7,-0.7,0,21,9,-9,0,1.45,0.06,-0.06,0,14,4,-4,0,4.17,0.02,-0.02,0,17.73,0.3,-0.3,0,,,,,0.187,0.089,-0.089,0,,,,,1,<a href=https://ui.adsabs.harvard.edu/abs/2015MNRAS.454..946R/abstract target=ref>Rattenbury et al. 2015</a>,3.597801,-2.903537,,,,,,,,,,,,,,,,,,,,,,,,,3.97,0.89,-0.89,0,,,,,,,,,,,,,,,,,,,,,,,,,16.55,0.31,-0.31,0,,,,,,,,,,,,,,,,,,,,,,,,,,,,,,,,,,,,,,,,,,,,,,,,,,,,,1.18,0.07,-0.07,0,,,,,,,,,,,,,2.81,0.1,-0.1,0,1.98,0.16,-0.16,0,,,,,,,,,,,,,,,,,,,,,,,,,,,,,0.83,0.12,-0.12,0,,,,,,,,,,0,Galactic bulge source model chosen as default
27,OGLE-2012-BLG-0026L c,17h34m18.70s,263.577917,-27d08m33.9s,-27.14275,0.86,0.06,-0.06,0,270,20,-20,0,4.8,0.7,-0.7,0,1.06,0.05,-0.05,0,4019,380,-380,0,7390,1280,-1280,0,,,,,,,,,94.12,0.92,-0.92,0,,,,,,,,,,,,,,,,,,,,,,,,,0.98,0.04,-0.04,0,,,,,1,<a href=https://ui.adsabs.harvard.edu/abs/2016ApJ...824...83B/abstract target=ref>Beaulieu et al. 2016</a>,0.19488,3.066576,,,,,,,,,,,,,,,,,,,,,,,,,1.54,0.1,-0.1,0,,,,,,,,,,,,,,,,,,,,,,,,,,,,,,,,,,,,,16.56,0.01,-0.01,0,,,,,,,,,,,,,,,,,20.66,,,,19,0.23,-0.23,0,,,,,16.39,,,,,,,,,,,,,,,,,,,,0.525,0.09,-0.09,0,,,,,,,,,,,,,,,,,,,,,,,,,,,,,,,,,,,,,,,,,,,,,,,,,,,,,,0,"planet c; H-band lens magnitude taken from text, Section 2.3"
28,UKIRT-2017-BLG-001L b,17h46m36.98s,266.654083,-29d12m40.9s,-29.211361,1.28,0.37,-0.44,0,407,120,-140,0,4.18,0.96,-0.88,0,0.81,0.21,-0.27,0,6300,1600,-2100,0,11200,3600,-2600,0,2457916.243,0.022,-0.022,0,0.0303,0.0036,-0.0026,0,101,8.2,-9.6,0,6.64,0.75,-0.56,0,1.0318,0.0032,-0.0045,0,15,1.7,-1.4,0,3.7036,0.0084,-0.0076,0,,,,,,,,,0.92,0.47,-0.48,0,2.34,0.84,-0.42,0,1,<a href=https://ui.adsabs.harvard.edu/abs/2018arXiv180206795S/abstract target=ref>Shvartzvald et al. 2018</a>,359.878155,-0.328998,,,,,0.7,,,1,,,,,,,,,,,,,,,,,5.9,2.6,-2.6,0,,,,,0.671,0.016,-0.016,0,3.062,0.05,-0.05,0,,,,,,,,,,,,,,,,,,,,,,,,,,,,,,,,,16.07,0.09,-0.11,0,,,,,,,,,,,,,,,,,,,,,,,,,17.7,,,-1,,,,,,,,,,,,,,,,,1.68,,,0,,,,,,,,,,,,,,,,,,,,,,,,,1.87,0.01,-0.01,0,,,,,,,,,,,,,,,,,1.48,,,0,,0,quoted proper motion in geocentric frame
32,OGLE-2012-BLG-0026L b,17h34m18.70s,263.577917,-27d08m33.9s,-27.14275,0.145,0.0082,-0.0082,0,46.1,2.6,-2.6,0,4,0.5,-0.5,0,1.06,0.05,-0.05,0,4019,380,-380,0,7390,1280,-1280,0,,,,,,,,,94.12,0.92,-0.92,0,,,,,,,,,,,,,,,,,,,,,,,,,0.98,0.04,-0.04,0,,,,,1,<a href=https://ui.adsabs.harvard.edu/abs/2016ApJ...824...83B/abstract target=ref>Beaulieu et al. 2016</a>,0.19488,3.066576,,,,,,,,,,,,,,,,,,,,,,,,,1.54,0.1,-0.1,0,,,,,,,,,,,,,,,,,,,,,,,,,,,,,,,,,,,,,16.56,0.01,-0.01,0,,,,,,,,,,,,,,,,,20.66,,,,19,0.23,-0.23,0,,,,,16.39,,,,,,,,,,,,,,,,,,,,0.525,0.09,-0.09,0,,,,,,,,,,,,,,,,,,,,,,,,,,,,,,,,,,,,,,,,,,,,,,,,,,,,,,0,"planet b; H-band lens magnitude taken from text, Section 2.3"
33,OGLE-2003-BLG-235L b,18h05m16.35s,271.318125,-28d53m42.0s,-28.895,2.6,0.8,-0.6,0,830,300,-200,0,4.3,2.5,-0.8,0,0.63,0.07,-0.09,0,5800,600,-700,0,8800,,,0,,,,,,,,,,,,,,,,,,,,,39,11,-7,0,,,,,19.63,0.06,-0.06,0,,,,,0.55,0.07,-0.07,0,3.3,0.4,-0.4,0,1,<a href=https://ui.adsabs.harvard.edu/abs/2006ApJ...647L.171B/abstract target=ref>Bennett et al. 2006</a>,2.202553,-3.694478,,,,,,,,,,,,,,,,,,,,,,,,,0.53,0.04,-0.04,0,,,,,0.059,0.007,-0.007,0,,,,,,,,,,,,,,,,,,,,,,,,,,,,,,,,,,,,,,,,,,,,,19.42,0.02,-0.02,0,,,,,21.4,0.6,-0.3,0,,,,,,,,,,,,,,,,,,,,,,,,,,,,,,,,,,,,,0.76,,,0,,,,,,,,,,,,,,,,,,,,,,,,,,,,,0.82,0.1,-0.1,0,,,,,,,,,,0,"quoted semi-major axis is 3D, not projected"
34,MOA-2011-BLG-262L b,18h00m23.48s,270.097833,-31d14m42.93s,-31.245258,0.053,0.088,-0.03,0,17,28,-10,0,0.95,0.53,-0.19,0,0.11,0.21,-0.06,0,7200,800,-800,0,,,,,2455739.131,0.0003,-0.0003,0,0.0147,0.00058,-0.00058,0,3.858,0.013,-0.013,0,,,,,0.9263,0.0032,-0.0032,0,4.39,0.25,-0.25,0,1.8109,0.006,-0.006,0,19.937,0.041,-0.041,0,,,,,0.122,0.009,-0.009,0,11.6,0.9,-0.9,0,1,<a href=https://ui.adsabs.harvard.edu/abs/2014ApJ...785..155B/abstract target=ref>Bennett et al. 2014</a>,359.630583,-3.924346,,,,,,,,,,,,,,,,,,,,,,,,,0.776,0.059,-0.059,0,,,,,0.02217,0.00027,-0.00027,0,,,,,2.5,3.8,-3.8,0,21.898,0.041,-0.041,0,,,,,18.367,,,0,,,,,,,,,18.226,0.04,0.04,0,,,,,,,,,,,,,,,,,,,,,,,,,,,,,21.07,1,-1,-1,,,,,2.62,,,0,1.45,,,0,,,,,0.315,0.09,-0.09,0,,,,,,,,,0.841,,,0,,,,,,,,,,,,,,,,,,,,,,,,,,,,,,,,,,,,,,,,,5760.85,0,"slow (proper motion) s < 1 model chosen as default; quoted semi-major axis 3D, not projected; quoted proper motion in geocentric frame; quoted source proper motion in Galactic Heliocentric frame"
35,OGLE-2005-BLG-169L b,18h06m05.32s,271.522167,-30d43m57.5s,-30.732639,0.0444,0.003,-0.003,0,14.1,0.9,-0.9,0,3.5,0.3,-0.3,0,0.69,0.02,-0.02,0,4100,400,-400,0,,,,,2453491.878,,,0,0.001229,,,0,43.09,,,0,,,,,1.019,,,0,0.5913,,,0,1.6025,,,0,20.555,0.054,-0.054,0,,,,,0.905,,,0,7.67,,,0,1,<a href=https://ui.adsabs.harvard.edu/abs/2015ApJ...808..169B/abstract target=ref>Bennett et al. 2015</a>,0.6769,-4.7402,,,,,,,,,,,,,,,,,,,,,,,,,,,,,,,,,0.02174,,,0,,,,,,,,,22.212,0.041,-0.041,0,,,,,,,,,,,,,,,,,18.852,,,0,,,,,,,,,,,,,,,,,22.783,0.067,-0.067,0,20.493,0.051,-0.051,0,,,,,,,,,,,,,2.132,0.09,-0.09,0,1.256,0.05,-0.05,0,,,,,0.374,0.02,-0.02,0,,,,,,,,,,,,,,,,,,,,,,,,,,,,,,,,,,,,,,,,,,,,,,,,,,,,,1146.66,0,"Stanek s > 1 model chosen as default due to lower chi-squared; quoted proper motion in geocentric frame, heliocentric also derived in paper; quoted V-, I-band source magnitudes from Equation 9"
36,MOA-2010-BLG-117L b,18h07m49.67s,271.95697,-25d20m40.7s,-25.344639,0.54,0.1,-0.1,0,170,32,-32,0,2.42,0.26,-0.26,0,0.58,0.11,-0.11,0,3500,400,-400,0,6900,700,-700,0,2455419.8,0.3,-0.3,0,0.279,0.015,-0.015,0,120.6,5.2,-5.2,0,,,,,0.8601,0.006,-0.006,0,9.5,0.33,-0.33,0,1.963,0.011,-0.011,0,17.95,0.07,-0.07,0,,,,,0.805,0.1,-0.1,0,2.46,0.31,-0.31,0,1,<a href=https://ui.adsabs.harvard.edu/abs/2018AJ....155..141B/abstract target=ref>Bennett et al. 2018</a>,5.5875,-2.468,,,,,0.172,0.021,-0.021,0,-0.171,0.02,-0.02,0,-0.022,0.008,-0.008,0,-0.643,0.11,-0.11,0,0.29,0.44,-0.44,0,2.2,,,0,,,,,0.361,0.03,-0.03,0,,,,,,,,,20.43,0.07,-0.07,0,17.473,,,0,16.421,,,0,,,,,,,,,,,,,,,,,14.9,0.08,-0.08,0,,,,,,,,,24.3,1.5,-1.7,0,21.2,1,-1.1,0,,,,,,,,,18.3,0.6,-0.8,0,2.995,,,0,1.58,,,0,,,,,,,,,,,,,,,,,,,,,,,,,,,,,,,,,,,,,,,,,,,,,,,,,,,,,,,,,,,,,5744.35,0,u0 > 0 model chosen as default due to lower chi-squared; quoted proper motion in geocentric frame; quoted source magnitudes correspond to s1
37,OGLE-2017-BLG-1140L b,17h47m31.93s,266.883057,-24d31m21.6s,-24.522667,1.59,0.35,-0.26,0,505,110,-83,0,1.02,0.15,-0.15,0,0.211,0.032,-0.025,0,,,,,8100,,,0,2457940.77,0.0059,-0.0058,0,-0.2392,0.0038,-0.0032,0,14.69,0.13,-0.11,0,27,2.4,-2.7,0,0.871,0.012,-0.013,0,72,7,-6,0,-2.5388,0.0067,-0.0069,0,,,,,,,,,0.163,0.024,-0.019,0,4.04,0.6,-0.48,0,1,<a href=https://ui.adsabs.harvard.edu/abs/2018arXiv180304437C/abstract target=ref>Calchi Novati et al. 2018</a>,4,1.9,0.0154,0.0023,-0.0019,0,0.0949,0.0014,-0.0015,0,0.0789,0.0014,-0.0015,0,0.0528,0.0007,-0.0007,0,,,,,,,,,4.39,0.38,-0.38,0,,,,,,,,,,,,,,,,,,,,,,,,,15.09,0.08,-0.08,0,,,,,,,,,,,,,,,,,,,,,,,,,,,,,,,,,,,,,,,,,,,,,,,,,,,,,,,,,,,,,,,,,,,,,,,,,1.02,0.05,-0.05,0,,,,,2.36,0.12,-0.12,0,,,,,,,,,,,,,,,,,,,,,,,,,,,,,,,,,3001,0,Spitzer + ground u0 < 0 model chosen as default due to lower chi-squared
38,MOA-2009-BLG-387L b,17h53m50.79s,268.461625,-33d59m25.0s,-33.990333,2.6,4.1,-1.6,0,830,1300,-510,0,1.8,0.9,-0.7,0,0.19,0.3,-0.12,0,,,,,,,,,2455042.366,0.015,-0.015,0,0.089,0.001,-0.001,0,40.1,0.5,-0.5,0,1.95,0.03,-0.03,0,0.9134,0.0002,-0.0002,0,135,2,-2,0,4.3095,0.0025,-0.0025,0,,,,,,,,,0.31,0.03,-0.03,0,,,,,1,<a href=https://ui.adsabs.harvard.edu/abs/2011A&A...529A.102B/abstract target=ref>Batista et al. 2011</a>,356.56,-4.097,,,,,,,,,2.5,1,-1,0,-0.31,0.3,-0.3,0,-0.36,0.05,-0.05,0,-0.74,0.2,-0.2,0,0.63,0.06,-0.06,0,,,,,,,,,,,,,,,,,,,,,,,,,18.71,,,0,,,,,,,,,18.35,0.03,-0.03,0,,,,,,,,,,,,,,,,,,,,,,,,,,,,,,,,,,,,,,,,,,,,,,,,,0.4,,,0,,,,,,,,,0.82,,,0,,,,,1.78,0.14,-0.14,0,,,,,,,,,,,,,,,,,,,,,,,,,,,,,,,,,1024.5,0,orbital parallax + orbital motion model chosen as default due to lower chi-squared
40,MOA-2007-BLG-192L b,18h08m03.80s,272.015825,-27d09m00.27s,-27.150075,0.01,0.015,-0.005,0,3.3,4.9,-1.6,0,0.62,0.22,-0.16,0,0.06,0.028,-0.021,0,1000,400,-400,0,,,,,2454245.453,,,0,-0.0036,,,0,74.5,,,0,,,,,1.12,,,0,1.2,,,0,2.021,,,0,21.48,,,0,,,,,,,,,,,,,1,<a href=https://ui.adsabs.harvard.edu/abs/2008ApJ...684..663B/abstract target=ref>Bennett et al. 2008</a>,4.0309,-3.3877,,,,,1.52,,,0,,,,,,,,,,,,,,,,,0.5,0.1,-0.1,0,,,,,0.064,,,0,,,,,,,,,,,,,,,,,19.84,0.24,-0.24,0,,,,,,,,,,,,,,,,,,,,,,,,,,,,,,,,,,,,,19.84,0.59,-0.59,-1,,,,,,,,,,,,,1.61,0.1,-0.1,0,,,,,,,,,,,,,2.23,0.2,-0.2,0,1.11,0.24,-0.24,0,,,,,,,,,,,,,,,,,,,,,,,,,,,,,1.12,0.09,-0.09,0,,,,,,,,,1115.46,0,Model B chosen as default
42,OGLE-2016-BLG-0613L AB b,17h57m02.50s,269.260406,-28d06m58.2s,-28.116167,4.18,3.19,-2.43,0,1330,1010,-772,0,6.4,2.51,-2.63,0,0.72,0.55,-0.42,0,3410,1340,-1420,0,,,,,2457490.135,0.063,-0.063,0,0.048,0.001,-0.001,0,51.45,0.41,-0.41,0,0.3,0.03,-0.03,0,1.064,0.001,-0.001,0,55.4,1.3,-1.3,0,4.672,0.011,-0.011,0,22.25,0.02,-0.02,0,19.55,,,0,1.2,0.24,-0.24,0,8.5,1.71,-1.71,0,1,<a href=https://ui.adsabs.harvard.edu/abs/2017AJ....154..223H/abstract target=ref>Han et al. 2017</a>,1.99,-1.74,,,,,,,,,,,,,,,,,,,,,,,,,,,,,,,,,,,,,,,,,,,,,,,,,,,,,14.38,,,0,,,,,,,,,18.96,0.04,-0.04,0,,,,,,,,,,,,,,,,,,,,,,,,,,,,,,,,,,,,,,,,,,,,,,,,,,,,,,,,,,,,,0.85,0.03,-0.03,0,,,,,,,,,3.29,0.04,-0.04,0,,,,,,,,,,,,,,,,,,,,,,,,,,,,,4799.2,1,sol B wide model chosen as default
47,MOA-2009-BLG-266L b,17h48m05.95s,267.008125,-35d00m19.5s,-35.005411,0.0327,0.0053,-0.0053,0,10.4,1.7,-1.7,0,3.2,1.9,-0.5,0,0.56,0.09,-0.09,0,3040,330,-330,0,8800,,,0,2455093.257,0.083,-0.083,0,0.1315,0.0008,-0.0008,0,61.47,0.4,-0.4,0,3.0543,0.0159,-0.0159,0,0.91434,0.00036,-0.00036,0,0.563,0.025,-0.025,0,2.2692,0.0034,-0.0034,0,15.856,0.03,-0.03,0,,,,,0.98,0.04,-0.04,0,5.86,0.26,-0.26,0,1,<a href=https://ui.adsabs.harvard.edu/abs/2011ApJ...741...22M/abstract target=ref>Muraki et al. 2011</a>,-4.9,-3.6,,,,,0.223,0.037,-0.037,0,0.1665,0.0503,-0.0503,0,0.1439,0.0035,-0.0035,0,,,,,,,,,5.2,0.2,-0.2,0,,,,,0.3262,0.0068,-0.0068,0,,,,,,,,,17.677,0.03,-0.03,0,15.54,,,0,14.64,,,0,,,,,,,,,13.78,0.03,-0.03,0,13.42,,,0,,,,,,,,,,,,,,,,,,,,,,,,,,,,,,,,,2.14,,,0,1.22,,,0,,,,,0.36,,,0,,,,,,,,,,,,,,,,,,,,,,,,,,,,,,,,,,,,,,,,,,,,,,,,,,,,,6050.17,0,MCMC orbital motion model chosen as default due to lower chi-squared; semi-major axis is 3D; orbital motion parameters listed in Table 2 in non-standard frame; chi-squared corresponds to best model
50,MOA-2012-BLG-505L b,17h52m34.34s,268.143097,-32d02m24.33s,-32.040093,0.0211,0.0334,-0.011,0,6.7,10.61,-3.51,0,0.9,0.25,-0.21,0,0.1,0.16,-0.05,0,7210,1140,-1110,0,,,,,2456136.056,0.0005,-0.0005,0,0.0076002,0.0008568,-0.0008568,0,9.8335,1.0506,-1.0506,0,2.8322,0.3703,-0.3703,0,1.1266,0.0653,-0.0653,0,2.0521,0.5528,-0.5528,0,2.3782,0.016,-0.016,0,21.29,0.13,-0.13,0,,,,,0.121,0.024,-0.024,0,4.3971,0.7196,-0.7196,0,1,<a href=https://ui.adsabs.harvard.edu/abs/2017AJ....154...35N/abstract target=ref>Nagakane et al. 2017</a>,-1.892,-2.881,,,,,,,,,,,,,,,,,,,,,,,,,0.342,0.052,-0.052,0,,,,,,,,,,,,,,,,,,,,,,,,,19.52,0.14,-0.14,0,,,,,,,,,,,,,,,,,,,,,,,,,,,,,,,,,,,,,25.34,5.94,-1.92,0,24.43,6.79,-1.89,0,23.93,4.13,-1.82,0,,,,,1.77,0.05,-0.05,0,,,,,,,,,,,,,2,0.12,-0.12,0,0.57,0.14,-0.14,0,,,,,,,,,,,,,,,,,,,,,,,,,,,,,1.43,0.07,-0.07,0,,,,,,,,,16010.84,0,wide model chosen as default due to lower chi-squared; lens apparent magnitudes estimated via Bayesian analysis
60,MOA-2008-BLG-379L b,17h58m49.44s,269.706,-30d11m48.95s,-30.196931,4.1,1.7,-1.9,0,1300,540,-600,0,2.7,0.9,-1,0,0.56,0.24,-0.27,0,3300,1300,-1200,0,,,,,2454687.897,0.001,-0.001,0,0.00602,0.00006,-0.00006,0,42.46,0.45,-0.45,0,,,,,0.903,0.001,-0.001,0,68.5,0.5,-0.5,0,5.154,0.002,-0.002,0,21.3,0.03,-0.03,0,17.87,,,-1,0.9,0.18,-0.18,0,7.75,1.56,-1.56,0,1,<a href=https://ui.adsabs.harvard.edu/abs/2014ApJ...788...97S/abstract target=ref>Suzuki et al. 2014</a>,0.376273,-3.112864,,,,,,,,,,,,,,,,,,,,,,,,,,,,,,,,,0.0212,0.0017,-0.0017,0,,,,,,,,,,,,,,,,,19.49,0.06,-0.06,0,,,,,,,,,,,,,,,,,,,,,,,,,,,,,,,,,,,,,,,,,,,,,,,,,,,,,1.82,0.06,-0.06,0,,,,,,,,,,,,,2.07,0.09,-0.09,0,0.8,0.12,-0.12,0,,,,,,,,,,,,,,,,,,,,,,,,,,,,,1.49,0.06,-0.06,0,,,,,,,,,1246,0,close model chosen as default due to lower chi-squared; quoted proper motion in geocentric frame
62,OGLE-2014-BLG-0124L b,18h02m29.21s,270.621708,-28d23m46.5s,-28.39625,0.51,0.16,-0.16,0,160,51,-51,0,3.11,0.49,-0.49,0,0.71,0.22,-0.22,0,4100,590,-590,0,,,,,2456836.176,0.039,-0.039,0,0.1749,0.0039,-0.0039,0,152.1,2.9,-2.9,0,1.25,0.38,-0.38,0,0.9443,0.003,-0.003,0,6.94,0.46,-0.46,0,1.365,0.002,-0.002,0,18.59,0.02,-0.02,0,17.79,0.01,-0.01,0,0.84,0.26,-0.26,0,2.77,0.86,-0.86,0,1,<a href=https://ui.adsabs.harvard.edu/abs/2015ApJ...799..237U/abstract target=ref>Udalski et al. 2015</a>,2.339074,-2.917492,,,,,,,,,-0.0055,0.0048,-0.0048,0,0.1461,0.0037,-0.0037,0,,,,,,,,,0.95,0.07,-0.07,0,,,,,,,,,,,,,,,,,,,,,,,,,17.57,,,0,,,,,,,,,,,,,,,,,,,,,,,,,,,,,,,,,,,,,,,,,,,,,,,,,,,,,,,,,,,,,,,,,,,,,,,,,0.7,,,0,,,,,,,,,,,,,,,,,,,,,,,,,,,,,,,,,,,,,,,,,6664,0,u0 > 0 Spitzer + OGLE model chosen as default due to lower chi-squared; quoted proper motion in heliocentric frame
67,MOA-2010-BLG-477L b,18h06m07.44s,271.531006,-31d27m16.1s,-31.454477,1.5,0.8,-0.3,0,480,300,-100,0,2,3,-1,0,0.67,0.33,-0.13,0,2300,600,-600,0,,,,,2455420.939,,,0,0.003404,,,0,46.92,,,0,0.5764,,,0,1.1228,0.0006,-0.0006,0,21.81,0.04,-0.04,0,2.60087,,,0,18.71,0.03,-0.03,0,,,,,1.38,0.11,-0.11,0,10.3,0.8,-0.8,0,1,<a href=https://ui.adsabs.harvard.edu/abs/2012ApJ...754...73B/abstract target=ref>Bachelet et al. 2012</a>,0.046,-5.095,,,,,,,,,0.77,,,0,-0.11,,,0,0.86,,,0,-1.28,,,0,0.79,0.06,-0.06,0,,,,,,,,,,,,,,,,,19.98,0.03,-0.03,0,,,,,17.61,0.15,-0.15,0,,,,,,,,,17.35,0.03,-0.03,0,,,,,,,,,,,,,,,,,,,,,,,,,,,,,,,,,,,,,,,,,,,,,,,,,,,,,,,,,,,,,0.55,0.05,-0.05,0,,,,,,,,,1.36,0.03,-0.03,0,,,,,,,,,,,,,,,,,,,,,,,,,,,,,6365.66,0,orbital motion + orbital parallax u0 > 0 model chosen as default due to lower chi-squared; s and q central values and uncertainties extracted from text rather than Table 1
69,OGLE-2012-BLG-0358L b,17h42m46.77s,265.694875,-24d15m39.6s,-24.261,1.85,0.19,-0.19,0,588,60,-60,0,0.87,0.03,-0.03,0,0.022,0.002,-0.002,0,1760,130,-130,0,7600,,,0,2456040.33,0.01,-0.01,0,-0.098,0.001,-0.001,0,26.46,0.11,-0.11,0,2.37,0.01,0.01,0,1.696,0.003,-0.003,0,1248.6,15.9,-15.9,0,0.722,0.001,-0.001,0,,,,,,,,,0.29,0.03,-0.03,0,4.02,0.37,-0.37,0,1,<a href=https://ui.adsabs.harvard.edu/abs/2013ApJ...778...38H/abstract target=ref>Han et al. 2013</a>,3.65,2.99,,,,,,,,,1.49,0.07,-0.07,0,-0.19,0.06,-0.06,0,,,,,,,,,6.89,0.6,-0.6,0,,,,,,,,,,,,,,,,,,,,,,,,,,,,,,,,,,,,,,,,,,,,,,,,,,,,,,,,,,,,,,,,,,,,,,,,,,,,,,,,,,,,,,,,,,,,,,,,,,,,,,,,,,,,,,,,,,,,,,,,,,,,,,,,,,,,,,,,,,,,,,,,,1596.24,0,parallax u0 < 0 model chosen as default
71,OGLE-2016-BLG-0263L b,17h59m34.9s,269.895416,-31d49m07.0s,-31.818611,4.1,6.5,-2.5,0,1300,2100,-790,0,5.4,1.1,-1.6,0,0.13,0.21,-0.08,0,6500,1300,-1900,0,,,,,2457470.433,0.036,-0.036,0,0.581,0.027,-0.027,0,16.24,0.45,-0.45,0,,,,,4.72,0.12,-0.12,0,306,8,-8,0,0.095,0.002,-0.002,0,15.89,,,0,,,,,,,,,,,,,1,<a href=https://ui.adsabs.harvard.edu/abs/2017AJ....154..133H/abstract target=ref>Han et al. 2017</a>,-0.95,-4.06,,,,,,,,,,,,,,,,,,,,,,,,,,,,,,,,,,,,,,,,,,,,,,,,,,,,,15.82,,,0,,,,,,,,,,,,,,,,,,,,,,,,,,,,,,,,,,,,,,,,,,,,,,,,,,,,,,,,,,,,,,,,,,,,,-0.07,,,0,0.99,,,0,,,,,,,,,,,,,,,,,,,,,,,,,,,,,,,,,,,,,,,,,2438.2,0,plus plus model chosen as default due to lower chi-squared
72,OGLE-2013-BLG-0102L b,17h52m07.08s,268.0295,-31d41m26.1s,-31.690583,13,2,-2,0,4100,600,-600,0,0.8,0.08,-0.08,0,0.096,0.013,-0.013,0,3040,310,-310,0,,,,,2456406.18,0.2,-0.2,0,0.811,0.011,-0.011,0,37.6,0.4,-0.4,0,11.12,0.24,-0.24,0,0.607,0.004,-0.004,0,1300,70,-70,0,6.36,0.02,-0.02,0,,,,,,,,,0.43,0.04,-0.04,0,4.19,0.37,-0.37,0,1,<a href=https://ui.adsabs.harvard.edu/abs/2015ApJ...798..123J/abstract target=ref>Jung et al. 2015</a>,358.36,-2.626,,,,,,,,,0.48,0.05,-0.05,0,-0.06,0.03,-0.03,0,-0.31,0.05,-0.05,0,-0.46,0.18,-0.18,0,4.8,0.41,-0.41,0,,,,,,,,,,,,,,,,,,,,,,,,,14.97,,,0,,,,,,,,,,,,,,,,,,,,,,,,,,,,,,,,,,,,,,,,,,,,,,,,,,,,,,,,,,,,,,,,,,,,,,,,,1.08,,,0,,,,,,,,,,,,,,,,,,,,,,,,,,,,,,,,,,,,,,,,,13405,0,parallax orbital motion u0 > 0 model chosen as default due to lower chi-squared; quoted proper motion in geocentric frame; heliocentric proper motion also quoted in Table 2
75,OGLE-2011-BLG-0251L b,17h38m14.18s,264.559083,-27d08m10.1s,-27.136139,0.53,0.21,-0.21,0,170,67,-67,0,2.72,0.75,-0.75,0,0.26,0.11,-0.11,0,2570,610,-610,0,,,,,2455781.503,0.004,-0.004,0,-0.0563,0.0004,-0.0004,0,63.88,0.46,-0.46,0,13.9,0.5,-0.5,0,1.408,0.019,-0.019,0,19.2,1.2,-1.2,0,-1.855,0.002,-0.002,0,15.97,0.01,-0.01,0,17.04,0.03,-0.03,0,0.75,0.28,-0.28,0,4.28,1.62,-1.62,0,1,<a href=https://ui.adsabs.harvard.edu/abs/2013A&A...552A..70K/abstract target=ref>Kains et al. 2013</a>,0.67,2.334,,,,,0.35,0.05,-0.05,0,-0.34,0.05,-0.05,0,0.09,0.01,-0.01,0,,,,,,,,,10.41,1.18,-1.18,0,,,,,,,,,,,,,,,,,,,,,,,,,,,,,,,,,,,,,,,,,,,,,,,,,,,,,,,,,,,,,,,,,,,,,,,,,,,,,,,,,2.79,0.1,-0.1,0,,,,,,,,,,,,,,,,,1.15,,,0,,,,,,,,,,,,,,,,,,,,,,,,,,,,,2.39,0.13,-0.13,0,,,,,,,,,3629,0,"wide model chosen as default due to lower chi-squared; solution also referred to as ""Local D"" in manuscript"
77,OGLE-2014-BLG-0676L b,17h52m24.50s,268.102081,-30d32m54.20s,-30.548389,3.09,1.02,-1.12,0,982,324,-356,0,4.4,2.16,-1.46,0,0.62,0.2,-0.22,0,2220,960,-830,0,,,,,2456777.335,0.058,-0.058,0,0.0037,0.0004,-0.0004,0,116.3,12.2,-12.2,0,0.278,0.033,-0.033,0,1.347,0.024,-0.024,0,47.8,1.3,-1.3,0,2.203,0.044,-0.044,0,23.512,0.11,-0.11,0,,,,,1.38,0.43,-0.43,0,4.33,1.43,-1.43,0,1,<a href=https://ui.adsabs.harvard.edu/abs/2017MNRAS.466.2710R/abstract target=ref>Rattenbury et al. 2017</a>,359.376073,-2.092892,,,,,,,,,,,,,,,,,,,,,,,,,,,,,,,,,,,,,,,,,,,,,,,,,,,,,21.02,0.12,-0.12,0,,,,,,,,,,,,,,,,,,,,,,,,,,,,,,,,,,,,,,,,,,,,,,,,,,,,,2.5,0.05,-0.05,0,,,,,,,,,,,,,4.27,0.11,-0.11,0,2.18,0.13,-0.13,0,,,,,,,,,,,,,,,,,,,,,,,,,,,,,2.09,0.07,-0.07,0,,,,,,,,,12150.2,0,"wide model chosen as default due to lower chi-squared; quoted semi-major axis is 3D, not projected"
81,OGLE-2015-BLG-0966L b,17h55m01.02s,268.75425,-29d02m49.6s,-29.047111,0.066,0.006,-0.006,0,21,2,-2,0,2.7,,,0,0.38,0.04,-0.04,0,3300,,,0,8000,,,0,2457205.194,0.0012,-0.0012,0,-0.01152,0.0001,-0.0001,0,57.7,0.4,-0.4,0,1.406,0.013,-0.013,0,1.1147,0.0033,-0.0033,0,1.68,0.05,-0.05,0,-0.88,0.002,-0.002,0,,,,,,,,,0.76,0.07,-0.07,0,4.8,0.5,-0.5,0,1,<a href=https://ui.adsabs.harvard.edu/abs/2016ApJ...819...93S/abstract target=ref>Street et al. 2016</a>,0.96,-1.82,0.19,0.01,-0.01,0,,,,,-0.0412,0.0013,-0.0013,0,-0.237,0.006,-0.006,0,,,,,,,,,1.07,0.1,-0.1,0,,,,,,,,,,,,,,,,,,,,,,,,,17.49,0.08,-0.08,0,,,,,,,,,,,,,,,,,,,,,,,,,,,,,,,,,,,,,,,,,,,,,,,,,,,,,2.07,,,0,,,,,,,,,,,,,,,,,0.72,0.012,-0.012,0,,,,,,,,,,,,,,,,,,,,,,,,,,,,,,,,,,,,,,,,,15135,0,minus minus wide bulge source model chosen as default; quoted proper motion in geocentric frame
87,OGLE-2016-BLG-1190L b,17h58m52.30s,269.717926,-27d36m48.8s,-27.613556,13.38,0.88,-0.82,0,4253,280,-260,0,2.17,1.87,-0.38,0,0.88,0.06,-0.05,0,6770,80,-90,0,8700,,,0,2457582.157,0.007,-0.007,0,-0.01797,0.00023,-0.00023,0,93.532,0.891,-0.891,0,0.93,0.044,-0.044,0,0.604,0.002,-0.002,0,144.6,1.9,-1.9,0,0.038,0.005,-0.005,0,,,,,,,,,0.49,0.04,-0.04,0,,,,,1,<a href=https://ui.adsabs.harvard.edu/abs/2017arXiv171009974R/abstract target=ref>Ryu et al. 2018</a>,2.63,-1.84,,,,,,,,,0.067,0.003,-0.003,0,0.004,0.006,-0.006,0,-0.265,0.028,-0.028,0,-1.536,0.03,-0.03,0,0.455,0.03,-0.03,0,,,,,,,,,,,,,,,,,,,,,,,,,19.35,0.05,-0.05,0,,,,,,,,,19.06,0.04,-0.04,0,,,,,,,,,,,,,,,,,,,,,,,,,,,,,,,,,,,,,,,,,,,,,,,,,,,,,,,,,2.57,,,0,0.77,0.04,-0.04,0,,,,,,,,,2.29,0.03,-0.03,0,0.83,0.03,-0.03,0,,,,,,,,,,,,,,,,,,,,,,,,,14273.88,0,"parallax + orbital motion minus plus four-parameter model chosen as default due to lower chi-squared; ds/dt refers to ds_{proj}/dt as reported in Table 5; quoted semi-major axis is 3D, not projected"
91,OGLE-2016-BLG-1195L b,17h55m23.5s,268.847931,-30d12m26.1s,-30.207251,0.0045,0.0014,-0.001,0,1.43,0.45,-0.32,0,1.16,0.16,-0.13,0,0.078,0.016,-0.012,0,3910,420,-460,0,,,,,2457568.769,0.0013,-0.0013,0,0.05317,0.00075,-0.00075,0,9.96,0.11,-0.11,0,2.89,0.34,-0.38,0,0.9839,0.0068,-0.0072,0,0.546,0.081,-0.071,0,0.9684,0.0022,-0.0022,0,18.99,0.02,-0.02,0,,,,,0.286,0.053,-0.038,0,8.7,1.6,-1.2,0,1,<a href=https://ui.adsabs.harvard.edu/abs/2017ApJ...840L...3S/abstract target=ref>Shvartzvald et al. 2017</a>,0,-2.5,,,,,,,,,-0.3017,0.0071,-0.0071,0,-0.376,0.032,-0.032,0,,,,,,,,,0.82,0.07,-0.07,0,,,,,,,,,,,,,,,,,,,,,,,,,17.84,0.04,-0.04,0,,,,,,,,,,,,,,,,,,,,,,,,,,,,,,,,,,,,,,,,,,,,,,,,,,,,,,,,,,,,,,,,,,,,,-0.59,0.02,-0.02,0,0.68,0.03,-0.03,0,,,,,,,,,,,,,,,,,,,,,,,,,,,,,,,,,,,,,,,,,10213,0,close plus minus model chosen as default; quoted proper motion in heliocentric frame
97,OGLE-2011-BLG-0265L b,17h57m47.72s,269.448833,-27d23m40.3s,-27.394528,0.88,0.27,-0.18,0,280,86,-57,0,1.89,0.25,-0.2,0,0.211,0.068,-0.045,0,4380,510,-450,0,,,,,2455760.095,0.0086,-0.0086,0,,,,,53.63,0.19,-0.19,0,,,,,1.039,0.00086,-0.00086,0,39.54,0.63,-0.63,0,-0.4739,0.0024,-0.0024,0,17.57,,,0,,,,,0.419,0.04,-0.04,0,2.85,0.29,-0.29,0,1,<a href=https://ui.adsabs.harvard.edu/abs/2015ApJ...804...33S/abstract target=ref>Skowron et al. 2015</a>,2.7,-1.52,,,,,,,,,0.238,0.06,-0.06,0,0.042,0.017,-0.017,0,0.354,0.019,-0.019,0,0.923,0.11,-0.11,0,4.09,0.41,-0.41,0,,,,,0.5248,0.0055,-0.0055,0,6.955,0.017,-0.017,0,,,,,20.77,,,0,15.88,,,0,14.94,,,0,,,,,,,,,,,,,,,,,,,,,,,,,,,,,,,,,,,,,,,,,,,,,,,,,4.89,,,0,2.63,,,0,,,,,,,,,,,,,,,,,0.94,,,0,,,,,,,,,,,,,,,,,,,,,,,,,,,,,2.26,,,0,,,,,,,,,4381,0,u0 > 0 model chosen as default due to lower chi-squared; quoted proper motion in geocentric frame; heliocentric proper motion also quoted in Table 2
101,OGLE-2011-BLG-0173L b,17h57m15.78s,269.315735,-28d14m01.9s,-28.233862,0.19,0.18,-0.11,0,60,57,-35,0,8,,,0,0.41,0.3,-0.21,0,6100,1300,-1700,0,,,,,2455689.19,0.043,-0.043,0,0.85,0.036,-0.036,0,29.2,0.8,-0.8,0,64,39,-39,0,4.66,0.12,-0.12,0,4.6,1.4,-1.4,0,2.933,0.0061,-0.0072,0,16.272,,,0,17.839,,,0,0.36,3.03,-0.25,0,4.3,2.6,-1.8,0,1,<a href=https://ui.adsabs.harvard.edu/abs/2018AJ....156..104P/abstract target=ref>Poleski et al. 2018</a>,1.909405,-1.838644,,,,,,,,,,,,,,,,,,,,,,,,,7.5,0.23,-0.11,0,,,,,,,,,,,,,,,,,18.949,,,0,15.78,,,0,14.599,,,0,,,,,,,,,,,,,,,,,,,,,13.063,,,0,15.968,,,,,,,,,,,,,,,,,,,,,,,,,,,,1.673,,,0,,,,,,,,,,,,,,,,,,,,,,,,,,,,,,,,,,,,,,,,,,,,,,,,,1.496,,,0,,,,,,,,,2172.3,0,binary lens Wide-A model
103,OGLE-2015-BLG-0954L b,18h00m44.24s,270.184333,-28d39m39.2s,-28.660889,3.4,3.7,-1.6,0,1100,1200,-510,0,1.6,1.3,-0.7,0,0.3,0.34,-0.14,0,1200,1100,-500,0,,,,,2457165.227,0.009,-0.009,0,0.0541,0.002,-0.002,0,39.5,1.2,-1.2,0,,,,,0.7977,0.0032,-0.0032,0,103.5,2.6,-2.6,0,1.4039,0.0041,-0.0041,0,21.047,0.033,-0.033,0,,,,,1.28,0.08,-0.08,0,11.8,0.8,-0.8,0,1,<a href=https://ui.adsabs.harvard.edu/abs/2017AJ....154...68B/abstract target=ref>Bennett et al. 2017</a>,1.918903,-2.713585,,,,,,,,,,,,,,,,,,,,,,,,,0.376,0.022,-0.022,0,,,,,0.01152,0.00028,-0.00028,0,,,,,,,,,,,,,,,,,20.018,,,0,,,,,,,,,,,,,,,,,,,,,,,,,,,,,,,,,20.61,0.56,-0.11,0,,,,,,,,,17.45,0.33,-0.53,0,1.835,,,0,1.035,,,0,,,,,,,,,,,,,1.702,0.031,-0.031,0,0.902,,,0,,,,,,,,,,,,,,,,,,,,,,,,,,,,,,,,,,,,,,,,,16820.62,0,close model chosen as default due to lower chi-squared; MCMC parameters listed; chi-squared taken from best close model in Table 1
113,OGLE-2014-BLG-1722L b,17h55m00.57s,268.75238,-31d28m08.6s,-31.469055,0.174,0.161,-0.104,0,55.3,51.3,-33.1,0,1.5,0.6,-0.6,0,0.4,0.36,-0.24,0,6400,1280,-1870,0,,,,,2456900.228,0.009,-0.008,0,-0.132,0.003,-0.003,0,23.797,0.418,-0.38,0,7,6,-5,0,0.754,0.004,-0.004,0,4.451,0.693,-0.557,0,0.23,0.02,-0.024,0,18.87,0.03,-0.03,0,,,,,,,,,,,,,1,<a href=https://ui.adsabs.harvard.edu/abs/2018AJ....155..263S/abstract target=ref>Suzuki et al. 2018</a>,358.863018,-3.03939,,,,,,,,,0.189,0.57,-0.553,0,0.094,0.101,-0.083,0,,,,,,,,,,,,,,,,,,,,,,,,,,,,,,,,,,,,,,,,,,,,,,,,,,,,,,,,,,,,,,,,,,,,,,,,,,,,,,,,,,,,,,,,,,,,,1.75,0.09,-0.09,0,,,,,,,,,,,,,,,,,,,,,,,,,,,,,,,,,,,,,,,,,,,,,,,,,,,,,,,,,,,,,4191,0,close model chosen as default due to lower chi-squared; MCMC parameters listed; chi-squared taken from Best Close model
115,OGLE-2014-BLG-1722L c,17h55m00.57s,268.75238,-31d28m08.6s,-31.469055,0.263,0.272,-0.161,0,83.7,86.4,-51.2,0,1.7,0.7,-0.6,0,0.4,0.36,-0.24,0,6400,1280,-1870,0,,,,,2456900.228,0.009,-0.008,0,-0.132,0.003,-0.003,0,23.797,0.418,-0.38,0,7,6,-5,0,0.843,0.034,-0.03,0,7.071,2.371,-1.832,0,2.19,0.028,-0.033,0,18.87,0.03,-0.03,0,,,,,,,,,,,,,1,<a href=https://ui.adsabs.harvard.edu/abs/2018AJ....155..263S/abstract target=ref>Suzuki et al. 2018</a>,358.863018,-3.03939,,,,,,,,,0.189,0.57,-0.553,0,0.094,0.101,-0.083,0,,,,,,,,,,,,,,,,,,,,,,,,,,,,,,,,,,,,,,,,,,,,,,,,,,,,,,,,,,,,,,,,,,,,,,,,,,,,,,,,,,,,,,,,,,,,,1.75,0.09,-0.09,0,,,,,,,,,,,,,,,,,,,,,,,,,,,,,,,,,,,,,,,,,,,,,,,,,,,,,,,,,,,,,4191,0,close model chosen as default due to lower chi-squared; MCMC parameters listed; chi-squared taken from Best Close model
117,OGLE-2016-BLG-1067L b,18h12m49.08s,273.2045,-27d00m45.5s,-27.012639,0.43,0.21,-0.17,0,140,67,-54,0,1.7,0.38,-0.39,0,0.3,0.15,-0.12,0,3730,660,-670,0,7660,,,0,,,,,,,,,,,,,,,,,,,,,,,,,,,,,18.8,,,0,,,,,,,,,,,,,1,<a href=https://ui.adsabs.harvard.edu/abs/2019AJ....157..121C/abstract target=ref>CalchiNovati et al. 2019</a>,4.659985,-4.250673,,,,,,,,,,,,,,,,,,,,,,,,,,,,,,,,,,,,,,,,,,,,,,,,,,,,,17.92,0.1,-0.1,0,,,,,,,,,,,,,,,,,,,,,,,,,,,,,,,,,,,,,,,,,,,,,,,,,,,,,,,,,,,,,,,,,,,,,,,,,0.742,0.035,-0.035,0,,,,,,,,,,,,,,,,,,,,,,,,,,,,,,,,,,,,,,,,,,0,Adopted physical parameters
119,OGLE-2013-BLG-1761L b,17h53m38.28s,268.409485,-28d53m42.98s,-28.895271,2.7,2.5,-1.5,0,860,790,-480,0,1.8,0.5,-0.5,0,0.33,0.32,-0.19,0,6900,1000,-1200,0,,,,,2456565.22,0.06,-0.06,0,0.0895,0.004,-0.004,0,38.7,1.2,-1.2,0,5.8,2.1,-2.1,0,0.947,0.016,-0.016,0,70,20,-20,0,1.244,0.027,-0.027,0,19.42,0.05,-0.05,0,,,,,0.251,0.097,-0.097,0,2.55,1,-1,0,1,<a href=https://ui.adsabs.harvard.edu/abs/2017AJ....154....1H/abstract target=ref>Hirao et al. 2017</a>,0.936738,-1.484124,,,,,,,,,,,,,,,,,,,,,,,,,1.45,0.18,-0.18,0,,,,,,,,,,,,,,,,,,,,,,,,,17.47,0.08,-0.08,0,,,,,,,,,,,,,,,,,,,,,,,,,,,,,,,,,,,,,,,,,,,,,,,,,,,,,,,,,,,,,,,,,,,,,2.96,0.1,-0.1,0,1.09,0.12,-0.12,0,,,,,,,,,,,,,,,,,,,,,,,,,,,,,,,,,,,,,,,,,29672.4,0,close model chosen as default due to lower chi-squared; quoted proper motion in geocentric frame
120,KMT-2016-BLG-2142L b,17h52m26.88s,268.112,-29d23m04.42s,-29.384562,15.49,24.99,-8.58,0,4923,7943,-2730,0,0.83,0.15,-0.2,0,0.073,0.117,-0.04,0,7010,1010,-1160,0,,,,,2457612.54,0.04,-0.04,0,0.14,0.01,-0.01,0,5.15,0.22,-0.22,0,6.42,0.34,-0.34,0,0.97,0.01,-0.01,0,2030,110,-110,0,3.96,0.03,-0.03,0,3.9,0.02,-0.02,0,,,,,0.122,0.013,-0.013,0,8.622,0.934,-0.934,0,1,<a href=https://ui.adsabs.harvard.edu/abs/2018arXiv180509983J/abstract target=ref>Jung et al. 2018</a>,0.383091,-1.508667,,,,,,,,,,,,,,,,,,,,,,,,,0.781,0.072,-0.072,0,,,,,,,,,,,,,,,,,,,,,,,,,18.33,0.09,-0.09,0,,,,,,,,,,,,,,,,,,,,,,,,,,,,,,,,,,,,,,,,,,,,,,,,,,,,,,,,,,,,,,,,,,,,,,,,,0.83,0.08,-0.08,0,,,,,,,,,,,,,,,,,,,,,,,,,,,,,,,,,,,,,,,,,6457.1,0,close model
121,KMT-2016-BLG-1820L b,17h55m03.54s,268.76474,-29d31m00.91s,-29.51692,4.57,5.03,-2.14,0,1450,1600,-680,0,1.08,0.22,-0.22,0,0.039,0.043,-0.018,0,6260,1140,-1280,0,,,,,2457632.19,0.02,-0.02,0,0.24,0.01,-0.01,0,4.81,0.03,-0.03,0,6.56,0.21,-0.21,0,1.4,0.01,-0.01,0,1130,30,-30,0,3.04,0.01,-0.01,0,3.37,0.02,-0.02,0,,,,,0.123,0.012,-0.012,0,9.341,0.882,-0.882,0,1,<a href=https://ui.adsabs.harvard.edu/abs/2018arXiv180509983J/abstract target=ref>Jung et al. 2018</a>,0.556804,-2.065839,,,,,,,,,,,,,,,,,,,,,,,,,0.807,0.072,-0.072,0,,,,,,,,,,,,,,,,,,,,,,,,,17.79,0.09,-0.09,0,,,,,,,,,,,,,,,,,,,,,,,,,,,,,,,,,,,,,,,,,,,,,,,,,,,,,,,,,,,,,,,,,,,,,,,,,0.64,0.08,-0.08,0,,,,,,,,,,,,,,,,,,,,,,,,,,,,,,,,,,,,,,,,,7510,0,static model
125,MOA-2015-BLG-337L b,18h07m47.69s,271.9487,-28d10m13.00s,-28.170278,0.106,0.406,-0.073,0,33.7,129,-23.2,0,0.24,0.06,-0.09,0,0.0094,0.0359,-0.0065,0,7100,1100,-1000,0,,,,,2457214.918,0.002,-0.002,0,0.047,0.0011,-0.0011,0,5.382,0.094,-0.094,0,22.3,3,-3,0,0.606,0.033,-0.033,0,108,14,-14,0,1.4445,0.0057,-0.0057,0,19.682,0.012,-0.012,0,,,,,0.028,0.004,-0.004,0,1.9,0.29,-0.29,0,1,<a href=https://ui.adsabs.harvard.edu/abs/2018AJ....156..136M/abstract target=ref>Miyazaki et al. 2018</a>,3.106873,-3.828062,,,,,,,,,,,,,,,,,,,,,,,,,0.621,0.045,-0.045,0,,,,,,,,,,,,,,,,,,,,,,,,,,,,,,,,,,,,,,,,,,,,,,,,,,,,,,,,,,,,,,,,,,,,,,,,,,,,,,,,,1.205,0.062,-0.062,0,,,,,,,,,,,,,1.611,0.019,-0.019,0,0.688,0.066,-0.066,0,,,,,,,,,,,,,,,,,,,,,,,,,,,,,0.99,0.071,-0.071,0,,,,,,,,,21800.18,0,planetary close model chosen as default due to lower chi-squared
127,KMT-2016-BLG-1397L b,18h10m39.51s,272.664612,-24d51m27.86s,-24.857738,7,5.2,-4.3,0,2200,1700,-1400,0,5.1,1.5,-1.7,0,0.45,0.33,-0.28,0,6600,1100,-1300,0,,,,,2457506.5,0.1,-0.1,0,0.09,0.003,-0.003,0,41,0.5,-0.5,0,46,,,1,1.68,0.06,-0.06,0,160,20,-20,0,5.81,0.01,-0.01,0,,,,,17.47,,,-1,0.033,,,-1,,,,,1,<a href=https://ui.adsabs.harvard.edu/abs/2018arXiv181010792Z/abstract target=ref>Zang et al. 2018</a>,6.323864,-2.794173,,,,,,,,,,,,,,,,,,,,,,,,,1.5,0.06,-0.06,0,,,,,,,,,,,,,,,,,,,,,,,,,16.5,0.08,-0.08,0,,,,,,,,,,,,,,,,,,,,,,,,,,,,,,,,,,,,,,,,,,,,,,,,,,,,,,,,,,,,,,,,,,,,,,,,,0.62,0.03,-0.03,0,,,,,,,,,,,,,,,,,,,,,,,,,,,,,,,,,,,,,,,,,889.8,0,planetary wide model chosen as default due to lower chi-squared
130,TCP J05074264+2447555 b,05h07m42.64s,76.927666,+24d47m55.5s,24.79875,0.029,0.021,-0.021,0,9.2,6.6,-6.6,0,0.5,,,0,0.25,0.18,-0.18,0,380,,,0,750,50,-50,0,2458058.75,0.01,-0.01,0,-0.093,0.001,-0.001,0,26.4,0.9,-0.9,0,6,0.8,-0.8,0,0.935,0.004,-0.004,0,1.1,0.1,-0.1,0,1.625,0.007,-0.007,0,,,,,,,,,1.45,0.25,-0.25,0,,,,,1,<a href=https://ui.adsabs.harvard.edu/abs/2018arXiv180206659N/abstract target=ref>Nucita et al. 2018</a>,178.756501,-9.32581,,,,,,,,,,,,,,,,,,,,,,,,,,,,,,,,,,,,,,,,,,,,,,,,,,,,,,,,,,,,,,,,,,,,,,,,,,,,,,,,,,,,,,,,,,,,,,,,,,,,,,,,,,,,,,,,,,,,,,,,,,,,,,,,,,,,,,,,,,,,,,,,,,,,,,,,,,,,,,,,,,,,,,,,,,,,,1.43,0,model a (from Table 1) chosen as default; listed chi-squared is reduced
132,MOA-2008-BLG-310L b,17h54m14.53s,268.560542,-34d46m40.99s,-34.778053,0.0736,0.053,-0.053,0,23.4,17,-17,0,1.1,0.17,-0.17,0,0.21,0.14,-0.14,0,7700,1100,-1100,0,,,,,2454656.39,,,0,0.00326,,,0,10.22,,,0,,,,,0.93,,,0,3.29,,,0,1.95,,,0,19.43,0.04,-0.04,0,,,,,0.29,0.05,-0.05,0,4.85,0.15,-0.15,0,1,<a href=https://ui.adsabs.harvard.edu/abs/2017AJ....154...59B/abstract target=ref>Bhattacharya et al. 2017</a>,355.92,-4.56,,,,,,,,,,,,,,,,,,,,,,,,,0.723,0.021,-0.021,0,,,,,0.054,,,0,,,,,,,,,21.07,0.07,-0.07,0,,,,,18.41,0.04,-0.04,0,,,,,,,,,,,,,17.53,0.03,-0.03,0,,,,,,,,,,,,,,,,,26.2,2.2,-2.2,0,,,,,,,,,,,,,1.835,,,0,1.013,,,0,,,,,0.16,,,0,,,,,1.64,0.06,-0.06,0,0.82,0.06,-0.06,0,,,,,,,,,,,,,,,,,,,,,,,,,,,,,0.822,,,0,,,,,,,,,6616.88,0,close model chosen as default due to lower chi-squared; quoted proper motion in geocentric frame
136,MOA-2009-BLG-319L b,18h06m58.13s,271.742208,-24d49m10.89s,-26.819692,0.2,0.1,-0.1,0,50,44,-24,0,2,0.4,-0.4,0,0.38,0.34,-0.18,0,6100,1100,-1200,0,,,,,2455006.995,0.00006,-0.00006,0,0.00622,0.00003,-0.00003,0,16.57,0.08,-0.08,0,1.929,0.01,-0.01,0,0.97537,0.00007,-0.00007,0,3.95,0.02,-0.02,0,5.7677,0.0005,-0.0005,0,19.82,,,0,,,,,0.34,0.03,-0.03,0,7.52,0.65,-0.65,0,1,<a href=https://ui.adsabs.harvard.edu/abs/2011ApJ...728..120M/abstract target=ref>Miyake et al. 2011</a>,4.202,-3.014,,,,,0.5,,,1,,,,,,,,,,,,,,,,,0.66,0.06,-0.06,0,,,,,,,,,,,,,,,,,,,,,,,,,18.66,,,0,,,,,,,,,,,,,,,,,,,,,17.67,0.14,-0.14,0,,,,,,,,,,,,,,,,,,,,,,,,,,,,,1.16,0.11,-0.11,0,,,,,,,,,,,,,1.69,,,0,0.82,,,0,,,,,1.81,0.15,-0.15,0,,,,,,,,,,,,,,,,,,,,,0.87,0.08,-0.08,0,,,,,,,,,7023.8,0,u0 > 0 model chosen as default
137,MOA-2011-BLG-293L b,17h55m39.35s,268.913958,-28d28m36.65s,-28.476847,4.8,0.3,-0.3,0,1500,100,-100,0,1.1,,,0,0.86,0.06,-0.06,0,7720,440,-440,0,8350,490,-490,0,,,,,,,,,21.67,,,0,,,,,0.548,0.005,-0.005,0,53,2,-2,0,,,,,22.27,0.05,-0.05,0,,,,,0.26,0.02,-0.02,0,,,,,1,<a href=https://ui.adsabs.harvard.edu/abs/2014ApJ...780...54B/abstract target=ref>Batista et al. 2014</a>,1.52,-1.66,,,,,,,,,,,,,,,,,,,,,,,,,,,,,,,,,,,,,,,,,,,,,,,,,,,,,,,,,,,,,,,,,19.2,0.06,-0.06,0,,,,,,,,,,,,,,,,,,,,,,,,,,,,,19.16,0.13,-0.13,0,,,,,,,,,,,,,,,,,0.47,0.1,-0.1,0,,,,,,,,,,,,,,,,,,,,,0.82,0.01,-0.01,0,,,,,,,,,,,,,,,,,,,,,,,,,,,,,,0,default model; quoted A_{H} value corresponds to the Nishiyama+ (2009) method from Section 6.5 of text
138,MOA-2012-BLG-006L b,18h01m46.31s,270.442963,-29d06m31.6s,-29.108778,8.4,4.6,-3.9,0,2700,1500,-1200,0,10.2,1.8,-2.4,0,0.49,0.27,-0.23,0,5300,800,-1300,0,,,,,2456046.87,0.12,-0.12,0,1.432,0.032,-0.032,0,20.69,0.35,-0.35,0,11.9,1.6,-2.3,0,4.405,0.069,-0.069,0,165,5.5,-5.5,0,0.352,0.003,-0.003,0,16.247,,,0,,,,,0.489,0.126,-0.038,0,7.69,1.1,-0.76,0,1,<a href=https://ui.adsabs.harvard.edu/abs/2017A&A...604A.103P/abstract target=ref>Poleski et al. 2017</a>,1.64,-3.13,,,,,,,,,,,,,,,,,,,,,,,,,5.68,0.36,-0.36,0,,,,,,,,,,,,,,,,,18.39,,,0,16.04,,,0,14.861,,,0,14.66,0.19,-0.19,0,14.077,0.085,-0.085,0,,,,,,,,,,,,,13.314,,,0,,,,,,,,,,,,,,,,,,,,,,,,,,,,,1.386,,,0,0.58,0.16,-0.16,0,,,,,,,,,,,,,,,,,,,,,,,,,,,,,,,,,,,,,,,,,,,,,0.964,,,0,,,,,,,,,2898.21,0,default model
139,MOA-2011-BLG-291L b,17h55m28.29s,268.867889,-29d10m14.4s,-29.170666,0.057,0.11,-0.038,0,18,34,-12,0,0.69,0.24,-0.24,0,0.15,0.27,-0.1,0,4400,1400,-1400,0,4900,1300,-1300,0,2455747.964,,,0,-0.007265,,,0,23.645,,,0,,,,,1.20828,,,0,4.0933,,,0,3.07475,,,0,20.742,,,0,,,,,0.129,0.012,-0.012,0,2.01,0.18,-0.18,0,1,<a href=https://ui.adsabs.harvard.edu/abs/2018AJ....156..113B/abstract target=ref>Bennett et al. 2018</a>,0.901438,-1.969138,,,,,,,,,,,,,,,,,,,,,,,,,0.882,0.054,-0.054,0,,,,,0.15115,,,0,,,,,,,,,23.475,,,0,,,,,19.143,,,0,,,,,,,,,,,,,,,,,,,,,,,,,,,,,,,,,,,,,,,,,,,,,23.4,1.8,-2,0,2.972,,,0,1.604,,,0,,,,,,,,,,,,,,,,,1.353,,,0,,,,,,,,,,,,,,,,,,,,,,,,,,,,,,,,,,,,,,,,,17545.08,0,empirical model for s~1.2 solution; quoted proper motion in geocentric frame
145,MOA-2016-BLG-319L b,17h54m58.13s,268.742218,-29d45m01.67s,-29.750463,0.62,1.16,-0.33,0,200,369,-100,0,0.95,0.17,-0.2,0,0.15,0.28,-0.08,0,6800,1200,-1400,0,,,,,2457552.737,0.013,-0.013,0,0.267,0.012,-0.012,0,8.6,0.26,-0.26,0,10,,,1,0.817,0.004,-0.004,0,39.3,1.1,-1.1,0,4.646,0.006,-0.006,0,19.01,0.01,-0.01,0,,,,,0.107,,,0,,,,,1,<a href=https://ui.adsabs.harvard.edu/abs/2018AJ....156..226H/abstract target=ref>Han et al. 2018</a>,0.345074,-2.166621,,,,,,,,,,,,,,,,,,,,,,,,,1.07,0.09,-0.09,0,,,,,,,,,,,,,,,,,,,,,,,,,17.49,0.01,-0.01,0,,,,,,,,,,,,,,,,,,,,,,,,,,,,,,,,,,,,,,,,,,,,,,,,,,,,,,,,,,,,,,,,,,,,,2,0.04,-0.04,0,0.77,0.04,-0.04,0,,,,,,,,,,,,,,,,,,,,,,,,,,,,,,,,,,,,,,,,,7308.1,0,"Inner Solution (""A"") chosen as default due to lower chi-squared"
147,MOA-2011-BLG-322L b,18h04m53.6s,271.223333,-27d13m15.4s,-27.220944,11.6,13.4,-5.6,0,3690,4260,-1800,0,4.3,1.5,-1.2,0,0.39,0.45,-0.19,0,7560,910,-910,0,,,,,2455774.273,0.0054,-0.0054,0,0.04686,0.00017,-0.00017,0,23.17,0.8,-0.8,0,7,,,1,1.822,0.01,-0.01,0,284,10,-10,0,0.3662,0.0036,-0.0036,0,19.83,0.05,-0.05,0,16.69,0.02,-0.02,0,0.085,,,-1,4.7,,,0,1,<a href=https://ui.adsabs.harvard.edu/abs/2014MNRAS.439..604S/abstract target=ref>Shvartzvald et al. 2014</a>,3.6,-2.8,,,,,,,,,,,,,,,,,,,,,,,,,0.6,,,0,,,,,,,,,,,,,,,,,,,,,,,,,,,,,,,,,,,,,,,,,,,,,,,,,,,,,,,,,,,,,,,,,,,,,,,,,,,,,,,,,1.09,,,0,,,,,,,,,,,,,,,,,,,,,,,,,,,,,,,,,,,,,,,,,,,,,,,,,,,,,,,,,,,,,,0,"default model; quoted proper motion assumes best-fit value of rho = 0.002, from Section 3 of text; authors quote delta-chi-squared between close and wide models in Section 3 of text"
148,MOA-2010-BLG-073L b,18h10m11.342s,272.547258,-26d31m22.544s,-26.522932,11,2,-2,0,3500,640,-640,0,1.21,0.16,-0.16,0,0.16,0.03,-0.03,0,2800,400,-400,0,,,,,2455344.69,0.02,-0.02,0,0.386,0.001,-0.001,0,44.3,0.1,-0.1,0,16.5,0.1,-0.1,0,0.775,0.0007,-0.0007,0,654,6,-6,0,0.221,0.007,-0.007,0,15.554,0.007,-0.007,0,,,,,0.557,0.09,-0.09,0,4.6,0.4,-0.4,0,1,<a href=https://ui.adsabs.harvard.edu/abs/2013ApJ...763...67S/abstract target=ref>Street et al. 2013</a>,,,,,,,,,,,0.37,0.05,-0.05,0,0.01,0.01,-0.01,0,0.49,0.02,-0.02,0,-0.37,0.08,-0.08,0,9.143,0.792,-0.792,0,,,,,,,,,,,,,,,,,15.335,0.007,-0.007,0,15.197,,,0,13.976,,,0,13.686,0.053,-0.053,0,,,,,12.926,0.057,-0.057,0,,,,,12.642,0.054,-0.054,0,12.345,,,0,,,,,,,,,,,,,,,,,,,,,,,,,,,,,,,,,,,,,,,,,,,,,-0.22,0.01,-0.01,0,1.221,0.051,-0.051,0,,,,,2.852,,,0,,,,,,,,,0.284,0.079,-0.079,0,,,,,,,,,,,,,,,,,,,,,4782.37,0,Standard + Parallax + Orbital motion + Slope model chosen as default; authors quote extinction in K_{S} band in Section 5.1 of text
151,OGLE-2012-BLG-0950L b,18h08m04.62s,272.019257,-29d43m53.7s,-29.731583,0.11,0.03,-0.02,0,35,10,-6,0,2.6,0.3,-0.5,0,0.57,0.06,-0.1,0,2600,500,-700,0,,,,,2456151.47,0.03,-0.03,0,0.101,0.003,-0.003,0,68.4,1.5,-1.5,0,3.2,,,1,0.895,0.004,-0.007,0,1.9,0.5,-0.1,0,5.081,0.006,-0.006,0,19.29,0.03,-0.03,0,,,,,1.09,0.16,-0.1,0,5.8,0.8,-0.6,0,1,<a href=https://ui.adsabs.harvard.edu/abs/2017AJ....153....1K/abstract target=ref>Koshimoto et al. 2017</a>,1.765,-4.634,,,,,0.24,0.09,-0.04,0,0.14,0.11,-0.06,0,-0.19,0.02,-0.02,0,,,,,,,,,0.69,0.05,-0.05,0,,,,,,,,,,,,,,,,,,,,,,,,,18.4,0.07,-0.07,0,,,,,,,,,,,,,17.55,0.12,-0.12,0,,,,,,,,,,,,,,,,,,,,,,,,,,,,,,,,,,,,,0.86,0.06,-0.06,0,,,,,0.25,0.02,-0.02,0,,,,,1.346,0.001,-0.001,0,0.76,0.07,-0.07,0,,,,,,,,,,,,,,,,,,,,,,,,,,,,,0.68,0.07,-0.07,0,,,,,,,,,8053.2,0,"close plus, w/Keck (f = 0) model chosen as default"
158,MOA-2013-BLG-605L b,17h58m42.85s,272.019257,-29d23m53.66s,-29.731583,0.0102,0.0012,-0.0009,0,3.24,0.38,-0.3,0,0.93,0.08,-0.08,0,0.024,0.004,-0.003,0,850,80,-80,0,,,,,2456573.054,0.01,-0.01,0,-0.07749,0.00154,-0.00154,0,20.52,0.28,-0.28,0,4.13,0.16,-0.16,0,2.407,0.014,-0.014,0,4.054,0.279,-0.279,0,3.3182,0.0102,-0.0102,0,18.142,0.02,-0.02,0,18.542,0.029,-0.029,0,0.452,0.034,-0.034,0,7.86,0.61,-0.61,0,1,<a href=https://ui.adsabs.harvard.edu/abs/2016ApJ...825..112S/abstract target=ref>Sumi et al. 2016</a>,1.0583,-2.695,,,,,2.316,0.213,-0.213,0,-2.308,0.212,-0.212,0,-0.19,0.108,-0.108,0,0.049,0.119,-0.119,0,-1.065,0.141,-0.141,0,1.87,0.12,-0.12,0,,,,,,,,,,,,,,,,,,,,,,,,,,,,,,,,,,,,,15.886,0.026,-0.026,0,15.59,0.11,-0.11,0,,,,,15.6,,,0,,,,,,,,,,,,,,,,,,,,,,,,,,,,,,,,,,,,,,,,,,,,,1.985,0.008,-0.008,0,1.01,0.06,-0.06,0,,,,,2.2,,,0,2.256,0.016,-0.016,0,1.259,0.071,-0.071,0,,,,,,,,,,,,,,,,,,,,,,,,,15153.75,0,"parallax minus minus, keplerian prior, kinematic constraint, low-mass brown dwarf model chosen as default; quoted proper motion in geocentric frame"
171,OGLE-2017-BLG-1522L b,18h01m16.65s,270.319366,-28d27m43.1s,-28.461971,0.75,1.26,-0.4,0,240,400,-130,0,0.59,0.12,-0.11,0,0.045,0.076,-0.024,0,7490,910,-880,0,,,,,2457971.8,0.01,-0.01,0,0.0539,0.0034,-0.0034,0,7.53,0.28,-0.28,0,6,0.7,-0.7,0,1.21,0.01,-0.01,0,159,16,16,0,6.22,0.01,-0.01,0,,,,,,,,,0.065,0.009,-0.009,0,3.16,0.46,-0.46,0,1,<a href=https://ui.adsabs.harvard.edu/abs/2018arXiv180305095J/abstract target=ref>Jung et al. 2018</a>,2.151,-2.179,,,,,,,,,,,,,,,,,,,,,,,,,0.39,0.032,-0.032,0,,,,,,,,,,,,,,,,,,,,,,,,,20.61,0.09,-0.09,0,,,,,,,,,,,,,,,,,,,,,,,,,,,,,,,,,,,,,,,,,,,,,,,,,,,,,,,,,,,,,,,,,,,,,,,,,1.15,0.07,-0.07,0,,,,,,,,,,,,,,,,,,,,,,,,,,,,,,,,,,,,,,,,,21009.3,0,default model; quoted proper motion in geocentric frame
172,MOA-2016-BLG-227L b,18h05m53.70s,271.473755,-27d42m51.43s,-27.714287,2.8,2.2,-1.5,0,890,700,-480,0,1.39,0.22,-0.22,0,0.29,0.23,-0.15,0,6500,1000,-1000,0,,,,,2457517.508,0.007,-0.006,0,-0.0833,0.0008,-0.0016,0,17.03,0.08,-0.2,0,3.01,0.09,-0.05,0,0.9312,0.0004,-0.0009,0,92.8,2,-1.1,0,2.509,0.003,-0.004,0,19.54,0.02,-0.02,0,,,,,0.227,0.006,-0.009,0,4.88,0.14,-0.17,0,1,<a href=https://ui.adsabs.harvard.edu/abs/2017AJ....154....3K/abstract target=ref>Koshimoto et al. 2017</a>,3.303,-3.24,,,,,,,,,,,,,,,,,,,,,,,,,0.68,0.02,-0.02,0,,,,,,,,,,,,,,,,,,,,,,,,,18.54,0.09,-0.09,0,,,,,,,,,17.806,0.017,-0.017,0,,,,,,,,,,,,,,,,,,,,,,,,,,,,,21.5,1.4,-1.3,0,,,,,1.82,0.12,-0.12,0,1,0.08,-0.08,0,,,,,0.19,0.02,-0.02,0,,,,,1.6,0.03,-0.03,0,0.78,0.06,-0.06,0,,,,,,,,,1.73,0.02,-0.02,0,0.92,0.08,-0.08,0,,,,,,,,,,,,,0.82,0.05,-0.05,0,,,,,,,,,2538.9,0,alpha equals 0 chosen as the default model
176,OGLE-2013-BLG-0132L b,17h59m03.51s,269.764618,-28d25m15.7s,-28.421028,0.29,0.16,-0.13,0,92,51,-41,0,3.6,1.4,-1.2,0,0.54,0.3,-0.23,0,3900,1500,-1300,0,,,,,2456370.156,0.064,-0.064,0,0.184,0.005,-0.005,0,36.99,0.77,-0.77,0,1,0.1,-0.1,0,1.15,0.004,-0.004,0,5.15,0.28,-0.28,0,0.821,0.008,-0.008,0,19.37,0.03,-0.03,0,,,,,0.81,0.12,-0.12,0,8,1.3,-1.3,0,1,<a href=https://ui.adsabs.harvard.edu/abs/2017arXiv170501058M/abstract target=ref>Mroz et al. 2017</a>,1.944,-2.275,,,,,,,,,,,,,,,,,,,,,,,,,0.81,0.1,-0.1,0,,,,,,,,,,,,,,,,,,,,,,,,,18.11,0.2,-0.2,0,,,,,,,,,,,,,,,,,,,,,,,,,,,,,,,,,,,,,,,,,,,,,,,,,,,,,,,,,,,,,,,,,,,,,1.79,0.04,-0.04,0,0.78,0.04,-0.04,0,,,,,1.71,0.11,-0.11,0,,,,,,,,,,,,,,,,,,,,,,,,,,,,,,,,,1104,0,default model
177,OGLE-2013-BLG-1721L b,17h52m30.37s,268.126556,-30d17m33.7s,-30.292694,0.64,0.35,-0.31,0,200,110,-99,0,2.6,0.5,-0.7,0,0.46,0.26,-0.23,0,6300,1100,-1600,0,,,,,2456535.28,0.022,-0.022,0,0.06,0.003,-0.003,0,27.98,0.65,-0.65,0,1.2,0.1,-0.1,0,0.964,0.002,-0.002,0,13.18,0.72,-0.72,0,-0.781,0.017,-0.017,0,21.27,0.04,-0.04,0,,,,,0.42,0.09,-0.09,0,5.5,1.2,-1.2,0,1,<a href=https://ui.adsabs.harvard.edu/abs/2017arXiv170501058M/abstract target=ref>Mroz et al. 2017</a>,-0.393,-1.981,,,,,,,,,,,,,,,,,,,,,,,,,0.51,0.1,-0.1,0,,,,,,,,,,,,,,,,,23.8,,,0,,,,,,,,,,,,,,,,,,,,,,,,,,,,,,,,,,,,,,,,,,,,,,,,,,,,,,,,,3.75,,,0,2.03,,,0,,,,,,,,,,,,,,,,,,,,,,,,,1.81,0.1,-0.1,0,,,,,,,,,,,,,,,,,,,,,1.72,,,0,,,,,,,,,1682,0,default model
178,OGLE-2008-BLG-092L b,17h47m29.42s,267.540708,-34d43m35.6s,-34.673194,0.18,,,0,57,,,0,15,,,0,0.71,,,0,8100,,,0,9700,,,0,2454727.374,0.047,-0.047,0,1.545,0.043,-0.043,0,38.64,0.88,-0.88,0,41.4,2.5,-2.5,0,5.26,0.11,-0.11,0,2.41,0.45,-0.45,0,0.314,0.005,-0.005,0,13.9,,,0,,,,,0.344,0.02,-0.02,0,3.25,0.22,-0.22,0,1,<a href=https://ui.adsabs.harvard.edu/abs/2014ApJ...795...42P/abstract target=ref>Poleski et al. 2014</a>,-4.75,-3.34,20,,,0,,,,,,,,,,,,,,,,,,,,,14.25,0.6,-0.6,0,,,,,,,,,,,,,,,,,,,,,14.23,,,0,,,,,,,,,,,,,,,,,,,,,,,,,,,,,,,,,,,,,,,,,,,,,,,,,,,,,,,,,,,,,,,,,,,,,,,,,1.88,,,0,1.28,,,0,,,,,1.88,,,0,,,,,,,,,,,,,,,,,,,,,,,,,,,,,,,,,371.1,0,default model
181,KMT-2017-BLG-1038L b,17h44m41.02s,266.170917,-25d08m34.91s,-25.143031,2,2,-1.1,0,640,640,-350,0,1.8,0.6,-0.5,0,0.37,0.36,-0.2,0,6000,1300,-1700,0,,,,,2457992.829,0.088,-0.071,0,0.172,0.007,-0.006,0,21.9,0.7,-0.6,0,4,,,1,0.851,0.003,-0.003,0,53,2,-4,0,5.396,0.018,0.019,0,,,,,,,,,,,,,6.1,2.3,-1.9,0,1,<a href=https://ui.adsabs.harvard.edu/abs/2018arXiv181112505S/abstract target=ref>Shin et al. 2019</a>,3.13,2.16,,,,,,,,,,,,,,,,,,,,,,,,,,,,,,,,,,,,,,,,,,,,,,,,,,,,,,,,,,,,,,,,,,,,,,,,,,,,,,,,,,,,,,,,,,,,,,,,,,,,,,,,,,,,,,,,,,,,,,,,,,,,,,,,,,,,,,,,,,,,,,,,,,,,,,,,,,,,,,,,,,,,,,,,,,,,,2075.77,0,without stellar remnants model chosen as default
182,KMT-2017-BLG-1146L b,17h56m25.40s,269.105833,-33d08m32.89s,-33.142469,0.71,0.8,-0.42,0,230,250,-130,0,1.6,0.6,-0.6,0,0.33,0.36,-0.2,0,6500,1400,-2000,0,,,,,2457924.89,0.035,-0.132,0,0.287,0.032,-0.017,0,25.443,1.2,-1.8,0,10,,,1,0.734,0.01,-0.017,0,20,6,-1,0,5.649,0.005,-0.036,0,,,,,,,,,,,,,5.1,2.4,-1.9,0,1,<a href=https://ui.adsabs.harvard.edu/abs/2018arXiv181112505S/abstract target=ref>Shin et al. 2019</a>,-2.44,-4.14,,,,,,,,,,,,,,,,,,,,,,,,,,,,,,,,,,,,,,,,,,,,,,,,,,,,,,,,,,,,,,,,,,,,,,,,,,,,,,,,,,,,,,,,,,,,,,,,,,,,,,,,,,,,,,,,,,,,,,,,,,,,,,,,,,,,,,,,,,,,,,,,,,,,,,,,,,,,,,,,,,,,,,,,,,,,,1945.25,0,without stellar remnants model chosen as default
183,OGLE-2005-BLG-390L b,17h54m19.2s,268.579958,-30d22m38s,-30.377306,0.017,0.017,-0.009,0,5.5,5.5,-2.7,0,2.6,1.5,-0.6,0,0.22,0.21,-0.11,0,6600,1000,-1000,0,8000,1910,-1910,0,2453582.735,0.005,-0.005,0,0.359,0.005,-0.005,0,11.03,0.11,-0.11,0,,,,,1.61,0.008,-0.008,0,0.76,0.07,-0.07,0,2.756,0.003,-0.003,0,,,,,,,,,,,,,,,,,1,<a href=https://ui.adsabs.harvard.edu/abs/2006Natur.439..437B/abstract target=ref>Beaulieu et al. 2006</a>,359.7325,-2.36154,,,,,,,,,,,,,,,,,,,,,,,,,5.25,0.73,-0.73,0,9.6,1.3,-1.3,0,0.282,0.01,-0.01,0,,,,,,,,,,,,,,,,,14.25,,,0,,,,,,,,,,,,,,,,,,,,,,,,,,,,,,,,,,,,,,,,,,,,,,,,,,,,,,,,,,,,,,,,,,,,,,,,,0.85,,,0,,,,,1.9,,,0,,,,,,,,,,,,,,,,,,,,,,,,,,,,,,,,,562.26,0,"default model; quoted semimajor axis is 3D, not projected"
184,OGLE-2006-BLG-109L b,17h52m34.51s,268.143792,-30d05m16.0s,-30.087778,0.727,0.06,-0.06,0,231,19,-19,0,2.3,0.5,-0.5,0,0.51,0.05,-0.04,0,1510,110,-120,0,,,,,2453831.02,0.011,-0.011,0,0.00345,0.00005,-0.00005,0,128.1,0.8,-0.8,0,,,,,0.632,0.073,-0.073,0,13.48,0.13,-0.13,0,2.5232,0.0007,-0.0007,0,20.935,0.03,-0.03,0,,,,,1.505,,,0,,,,,1,<a href=https://ui.adsabs.harvard.edu/abs/2010ApJ...713..837B/abstract target=ref>Bennett et al. 2010</a>,359.79132,-1.88997,,,,,0.345,0.014,-0.014,0,,,,,,,,,,,,,,,,,0.468,0.013,-0.013,0,,,,,0.03949,0.00016,0.00016,0,,,,,,,,,23.11,0.03,-0.03,0,,,,,,,,,,,,,,,,,18.876,0.03,-0.03,0,,,,,,,,,,,,,,,,,,,,,,,,,,,,,17.17,0.05,-0.05,0,,,,,3.47,0.07,-0.07,0,2.03,0.08,-0.08,0,,,,,0.6,0.04,-0.04,0,,,,,,,,,,,,,,,,,,,,,,,,,,,,,,,,,,,,,,,,,,,,,,,,,,,,,2542.06,0,"parameters taken from MCMC analysis presented in Table 1 while chi-squared taken from the best-fit model; quoted q derived from epsilon from Table 1; quoted semimajor axis is 3D, not projected"
185,OGLE-2006-BLG-109L c,17h52m34.51s,268.143792,-30d05m16.0s,-30.087778,0.27,0.02,-0.02,0,86,7,-7,0,4.5,2.1,-1,0,0.51,0.05,-0.04,0,1510,110,-120,0,,,,,2453831.02,0.011,-0.011,0,0.00345,0.00005,-0.00005,0,128.1,0.8,-0.8,0,,,,,1.0418,0.0001,-0.0001,0,5.014,0.03,-0.03,0,-0.235,0.0007,-0.0007,0,20.935,0.03,-0.03,0,,,,,1.505,,,0,,,,,1,<a href=https://ui.adsabs.harvard.edu/abs/2010ApJ...713..837B/abstract target=ref>Bennett et al. 2010</a>,359.79132,-1.88997,,,,,0.345,0.014,-0.014,0,,,,,,,,,,,,,,,,,0.468,0.013,-0.013,0,,,,,0.03949,0.00016,0.00016,0,,,,,,,,,23.11,0.03,-0.03,0,,,,,,,,,,,,,,,,,18.876,0.03,-0.03,0,,,,,,,,,,,,,,,,,,,,,,,,,,,,,17.17,0.05,-0.05,0,,,,,3.47,0.07,-0.07,0,2.03,0.08,-0.08,0,,,,,0.6,0.04,-0.04,0,,,,,,,,,,,,,,,,,,,,,,,,,,,,,,,,,,,,,,,,,,,,,,,,,,,,,2542.06,0,"parameters taken from MCMC analysis presented in Table 1 while chi-squared taken from the best-fit model; quoted q derived from epsilon from Table 1; quoted semimajor axis is 3D, not projected"
186,MOA-bin-1L b,17h51m10.20s,261.7925,-29d47m38.3s,-29.793972,3.7,2.1,-2.1,0,1200,670,-670,0,8.3,4.5,-2.7,0,0.75,0.33,-0.41,0,5100,1200,-1900,0,8000,,,0,2453893.8,1.8,-1.8,0,1.62,0.05,-0.05,0,31.2,4.3,-4.3,0,,,,,2.1,0.05,-0.05,0,47,16,-12,0,1.578,0.035,-0.035,0,20.23,,,0,,,,,0.77,0.11,-0.11,0,8.8,1.4,-1.4,0,1,<a href=https://ui.adsabs.harvard.edu/abs/2012ApJ...757..119B/abstract target=ref>Bennett et al. 2012</a>,-0.111,-1.478,,,,,,,,,,,,,,,,,,,,,,,,,1.23,0.18,-0.18,0,,,,,0.05,0.001,-0.001,0,,,,,,,,,,,,,,,,,16.99,,,0,,,,,,,,,,,,,,,,,,,,,,,,,,,,,,,,,22.59,20.9,-24.77,0,,,,,,,,,,,,,5.97,,,0,3.24,,,0,,,,,,,,,,,,,3.38,0.15,-0.15,0,0.65,0.16,-0.16,0,,,,,,,,,,,,,,,,,,,,,,,,,,,,,,,,,,,,,,,,,7230.64,0,"inner cusp best-fit model; parameters taken from MCMC analysis presented in Table 2 while chi-squared taken from the best-fit model; quoted semi-major axis is 3D, not projected"
187,OGLE-2007-BLG-349L AB c,18h05m24.43s,271.351807,-26d25m19.0s,-26.421944,0.3,0,0,0,80,13,-13,0,2.59,0.43,-0.34,0,0.41,0.07,-0.07,0,2760,380,-380,0,,,,,2454348.747,0.0014,-0.0014,0,-0.00198,0.00007,-0.00007,0,118,4,-4,0,,,,,0.8146,0.0015,-0.0015,0,3.39,0.12,-0.12,0,4.359,0.003,-0.003,0,20.369,0.037,-0.037,0,,,,,1.15,0.05,-0.05,0,3.55,0.15,-0.15,0,1,<a href=https://ui.adsabs.harvard.edu/abs/2016AJ....152..125B/abstract target=ref>Bennett et al. 2016</a>,4.3802,-2.5161,,,,,0.204,0.034,-0.034,0,,,,,,,,,,,,,,,,,,,,,,,,,0.07065,0.00043,-0.00043,0,,,,,,,,,22.38,0.037,-0.037,0,,,,,,,,,,,,,,,,,18.272,0.037,0.037,0,,,,,,,,,,,,,,,,,24.73,0.34,-0.34,0,21.39,0.24,-0.24,0,,,,,18.57,0.22,-0.22,0,,,,,3.083,,,0,1.818,,,0,,,,,0.541,,,0,,,,,,,,,,,,,,,,,,,,,,,,,,,,,,,,,,,,,,,,,,,,,,,,,,,,,,1,u0 < 0 close constrained model chosen as default; quoted source mass corresponds to source A
188,OGLE-2014-BLG-1760L b,17h57m38.16s,269.408997,-28d57m47.37s,-28.963158,0.56,0.34,-0.26,0,180,110,-83,0,1.75,0.34,-0.33,0,0.51,0.44,-0.28,0,6860,1110,-1110,0,,,,,2456905.856,0.026,-0.026,0,0.1806,0.0074,-0.0074,0,15.87,0.41,-0.41,0,,,,,0.8269,0.0047,-0.0047,0,8.64,0.89,-0.89,0,-0.3977,0.0086,-0.0086,0,19.07,0.14,-0.14,0,,,,,0.29,0.05,-0.05,0,6.55,1.12,-1.12,0,1,<a href=https://ui.adsabs.harvard.edu/abs/2016AJ....152..140B/abstract target=ref>Bhattacharya et al. 2016</a>,1.3186,-2.2746,,,,,,,,,,,,,,,,,,,,,,,,,0.657,0.011,-0.011,0,,,,,0.0366,0.0044,-0.0044,0,,,,,,,,,20.51,0.26,-0.26,0,,,,,17.62,,,0,,,,,,,,,,,,,,,,,,,,,,,,,,,,,,,,,23.42,1.89,-2.92,0,,,,,20.8,1.54,-2.31,0,,,,,,,,,1.45,,,0,,,,,,,,,,,,,1.48,0.08,-0.08,0,0.34,,,0,,,,,,,,,,,,,,,,,,,,,,,,,,,,,1.14,,,0,,,,,,,,,22818.05,0,default model
191,OGLE-2005-BLG-071L b,17h50m09.77s,267.540708,-34d40m23.5s,-34.673194,3.8,0.3,-0.4,0,1200,100,-100,0,3.6,0.2,-0.2,0,0.46,0.04,-0.04,0,3200,400,-400,0,8600,,,0,2453480.701,0.0052,-0.006,0,-0.0287,0.0007,-0.0007,0,69.2,1.7,-1.8,0,0.6,0.05,-0.03,0,1.305,0.002,-0.005,0,77,2,-2,0,1.506,0.002,-0.003,0,19.49,0.02,-0.02,0,21.4,0.19,-0.19,0,0.85,0.05,-0.05,0,,,,,1,<a href=https://ui.adsabs.harvard.edu/abs/2009ApJ...695..970D/abstract target=ref>Dong et al. 2009</a>,355.58,-3.79,0.19,0.04,-0.03,0,,,,,0.02,0.1,-0.13,0,-0.21,0.03,-0.03,0,-0.293,0.131,-0.121,0,1.193,0.127,-0.342,0,,,,,,,,,,,,,,,,,,,,,20.82,0.03,-0.03,0,,,,,18.31,,,0,,,,,,,,,,,,,,,,,,,,,,,,,,,,,,,,,,,,,,,,,,,,,,,,,,,,,1.2,,,0,,,,,,,,,,,,,,,,,0.45,,,0,,,,,0.93,,,0,,,,,,,,,,,,,,,,,,,,,0.89,,,0,,,,,,,,,1353.3,0,MCMC B wide minus model chosen as default due to lower chi-squared
196,KMT-2016-BLG-1107L b,17h45m40.26s,266.41775,-26d01m54.48s,-26.0318,3.283,3.468,-1.835,0,1043,1102,-583,0,0.342,0.07,-0.085,0,0.087,0.092,-0.049,0,6651,948,-1348,0,,,,,2457508.681,0.068,-0.068,0,0.927,0.061,-0.061,0,20.403,0.875,-0.875,0,59.55,6.83,-6.83,0,0.345,0.013,-0.013,0,361.4,54.4,-54.4,0,3.132,0.025,-0.025,0,,,,,,,,,0.148,0.021,-0.021,0,2.65,0.38,-0.38,0,1,<a href=https://ui.adsabs.harvard.edu/abs/2019AJ....157...23H/abstract target=ref>Hwang et al. 2019</a>,2.5,1.5,,,,,,,,,,,,,,,,,,,,,,,,,8.83,0.73,-0.73,0,,,,,1.215,0.124,-0.124,0,18.919,0.445,-0.445,0,,,,,,,,,,,,,14.14,0.15,-0.15,0,,,,,,,,,,,,,,,,,,,,,,,,,,,,,,,,,,,,,,,,,,,,,,,,,,,,,,,,,,,,,,,,,,,,,,,,,1.38,0.07,-0.07,0,,,,,,,,,,,,,,,,,,,,,,,,,,,,,,,,,,,,,,,,,3894.91,0,s < 1 model chosen as default due to lower chi-squared
199,OGLE-2007-BLG-368L b,17h56m25.96s,269.108167,-32d14m14.7s,-32.237417,0.06,0.02,-0.03,0,20,7,-8,0,2.8,0.5,-0.6,0,0.64,0.21,-0.26,0,5900,900,-1400,0,,,,,2454311.12,0.01,-0.01,0,0.0793,0.0007,-0.0007,0,55.4,0.5,-0.5,0,1.55,0.03,-0.03,0,0.9255,0.0006,-0.0006,0,0.95,0.02,-0.02,0,0.478,0.002,-0.002,0,19.51,0.03,0.03,0,,,,,0.529,0.084,-0.084,0,3.5,0.6,-0.6,0,1,<a href=https://ui.adsabs.harvard.edu/abs/2010ApJ...710.1641S/abstract target=ref>Sumi et al. 2010</a>,358.3,-3.7,,,,,,,,,,,,,,,,,,,,,,,,,0.82,0.07,-0.07,0,,,,,,,,,,,,,,,,,,,,,,,,,18.08,0.16,-0.16,0,,,,,,,,,16.53,0.03,-0.03,0,17.23,0.2,-0.19,0,16.23,0.02,-0.02,0,17.16,0.2,-0.2,0,,,,,,,,,,,,,,,,,,,,,,,,,,,,,1.43,0.15,-0.15,0,,,,,,,,,,,,,1.85,0.06,-0.06,0,0.77,0.08,-0.08,0,,,,,1.69,,,0,,,,,0.86,0.11,-0.12,0,,,,,,,,,,,,,1.1,0.08,-0.08,0,,,,,,,,,2936.9,0,xallarap Kepler constraint model chosen as default
200,OGLE-2012-BLG-0406L b,17h53m18.17s,268.325708,-30d28m16.2s,-30.471167,2.73,0.43,-0.43,0,868,140,-140,0,3.45,0.26,0.26,0,0.44,0.07,-0.07,0,4970,290,-290,0,,,,,2456141.33,0.05,-0.05,0,0.496,0.002,-0.002,0,64.77,0.19,-0.19,0,11.11,0.14,-0.14,0,1.301,0.002,-0.002,0,59.2,1.1,-1.1,0,0.837,0.002,-0.002,0,,,,,,,,,0.53,0.05,0.05,0,3.02,0.26,-0.26,0,1,<a href=https://ui.adsabs.harvard.edu/abs/2014ApJ...782...48T/abstract target=ref>Tsapras et al. 2014</a>,-0.46,-2.22,,,,,,,,,-0.143,0.018,-0.018,0,0.047,,,0,0.669,0.028,-0.028,0,0.497,0.059,-0.059,0,5.94,0.51,-0.51,0,,,,,,,,,,,,,,,,,,,,,,,,,14.62,,,0,,,,,,,,,,,,,,,,,,,,,,,,,,,,,,,,,,,,,,,,,,,,,,,,,,,,,,,,,,,,,,,,,,,,,,,,,1.12,,,0,,,,,,,,,,,,,,,,,,,,,,,,,,,,,,,,,,,,,,,,,6357.68,0,"quoted proper motion in geocentric frame, with heliocentric also listed, in text of S3"
205,OGLE-2018-BLG-0596L b,17h56m13.33s,269.055542,-29d11m56.7s,-29.199083,0.04383,0.00491,-0.00491,0,13.93,1.56,-1.56,0,0.97,0.13,-0.13,0,0.231,0.028,-0.028,0,5650,750,-750,0,8580,1420,-1420,0,2458277.14,0.015,-0.015,0,0.284,0.006,-0.006,0,29.003,0.11,-0.11,0,13.47,0.49,-0.49,0,0.512,0.017,-0.017,0,1.827,0.132,-0.132,0,6.022,0.011,-0.011,0,17.19,0.01,-0.01,0,,,,,0.336,0.034,-0.034,0,4.22,0.42,-0.42,0,1,<a href=https://ui.adsabs.harvard.edu/abs/2019AJ....158...28J/abstract target=ref>Jung et al. 2019</a>,0.959259,-2.125051,,,,,,,,,-0.023,0.022,-0.022,0,0.178,0.01,-0.01,0,-0.58,0.045,-0.045,0,-0.637,0.101,-0.101,0,4.46,0.38,-0.38,0,,,,,,,,,,,,,,,,,,,,,,,,,15.3,0.09,-0.09,0,,,,,,,,,,,,,,,,,,,,,,,,,,,,,,,,,,,,,,,,,,,,,,,,,,,,,,,,,,,,,,,,,,,,,2.65,0.01,-0.01,0,1.14,0.07,-0.07,0,,,,,2.63,0.07,-0.07,0,,,,,,,,,,,,,,,,,,,,,,,,,,,,,,,,,25895.4,0,"(+,+) close model"
212,OGLE-2018-BLG-1011L b,17h56m03.36s,269.014,-29d04m58.4s,-29.082889,1.8,3.4,-1.1,0,570,1100,-350,0,1.8,2.1,-1.5,0,0.18,0.33,-0.1,0,7100,1100,-1500,0,8000,,,0,2458284.801,0.005,-0.005,0,0.053,0.001,-0.001,0,12.42,0.15,-0.15,0,12.13,0.71,-0.71,0,1.281,0.009,-0.009,0,98.4,2.6,-2.6,0,4.36,0.008,-0.008,0,19.93,0.01,-0.01,0,19.04,0.01,-0.01,0,0.09,0.01,-0.01,0,2.81,0.22,-0.22,0,1,<a href=https://ui.adsabs.harvard.edu/abs/2019AJ....158..114H/abstract target=ref>Han et al. 2019</a>,1.041575,-2.035326,,,,,,,,,,,,,,,,,,,,,,,,,1.98,0.08,-0.08,0,,,,,,,,,,,,,,,,,,,,,,,,,17.33,0.01,-0.01,0,,,,,,,,,,,,,,,,,,,,,,,,,18.63,,,0,,,,,,,,,,,,,,,,,,,,,,,,,1.68,,,0,,,,,,,,,,,,,1.42,0.01,-0.01,0,0.77,0.01,-0.01,0,,,,,,,,,,,,,,,,,,,,,,,,,,,,,,,,,,,,,,,,,7717.7,0,Multiple-planet (II) 3L1S solution: wide solution for planet b and close solution for planet c
213,KMT-2017-BLG-0165L b,17h58m35.92s,269.649667,-28d08m01.21s,-28.133669,0.11,0.05,-0.04,0,34,15,-12,0,3.45,0.98,-0.95,0,0.76,0.34,-0.27,0,4530,1040,-980,0,,,,,2457853.71,0.067,-0.067,0,-0.035,0.011,-0.011,0,42.129,0.932,-0.932,0,0.7834,0.1072,-0.1072,0,0.953,0.013,-0.013,0,1.348,0.09,-0.09,0,-5.821,0.033,-0.033,0,18.43,0.02,-0.02,0,,,,,0.8,0.13,-0.13,0,6.93,1.15,-1.15,0,1,<a href=https://ui.adsabs.harvard.edu/abs/2019AJ....157...72J/abstract target=ref>Jung et al. 2019</a>,2.14335,-2.043601,,,,,,,,,-0.099,0.471,-0.471,0,0.108,0.04,-0.04,0,-0.745,1.204,-1.204,0,0.531,0.276,-0.276,0,0.63,0.06,-0.06,0,,,,,,,,,1.47,,,0,,,,,,,,,,,,,19.25,0.09,-0.09,0,,,,,,,,,,,,,,,,,,,,,,,,,20.53,0.09,-0.09,0,,,,,20.86,2.31,-1.58,0,,,,,,,,,,,,,,,,,,,,,,,,,,,,,,,,,2.53,0.04,-0.04,0,1.01,0.09,-0.09,0,,,,,2.3,0.09,-0.09,0,,,,,,,,,,,,,,,,,,,,,,,,,,,,,,,,,30201.6,0,u0 < 1 (with bayesian); quoted proper motion in geocentric frame
216,OGLE-2015-BLG-1670L b,17h52m38.11s,268.158792,-28d33m06.9s,-28.551917,0.0563,0.03,-0.028,0,17.9,9.6,-8.8,0,2.62,0.58,0.6,0,0.55,0.28,-0.28,0,6700,1000,-1300,0,8140,,,0,,,,,,,,,,,,,,,,,,,,,,,,,,,,,,,,,,,,,0.382,0.087,-0.076,0,6,1.2,-1.2,0,1,<a href=https://ui.adsabs.harvard.edu/abs/2019AJ....157..232R/abstract target=ref>Ranc et al. 2019</a>,31.121008,-1.120412,,,,,,,,,,,,,,,,,,,,,,,,,0.85,0.14,-0.12,0,,,,,,,,,,,,,,,,,,,,,,,,,18.66,0.2,-0.2,0,,,,,,,,,,,,,,,,,,,,,,,,,,,,,,,,,,,,,22,1.3,-1.7,0,20.8,1.3,-1.6,0,20.3,1.3,-1.5,0,,,,,3.67,,,0,,,,,,,,,,,,,4.59,0.14,-0.13,0,1.11,0.14,-0.14,0,,,,,,,,,,,,,,,,,,,,,,,,,,,,,3.48,,,0,,,,,,,,,,0,"bayes; lens mag values are predictions, not measurements"
222,OGLE-2018-BLG-1011L c,17h56m03.36s,269.014,-29d04m58.4s,-29.082889,2.8,5.1,-1.7,0,890,1600,-540,0,0.8,0.9,-0.6,0,0.18,0.33,-0.1,0,7100,1100,-1500,0,8000,,,0,2458284.801,0.005,-0.005,0,0.053,0.001,-0.001,0,12.42,0.15,-0.15,0,12.13,0.71,-0.71,0,0.582,0.005,-0.005,0,150,6.1,-6.1,0,4.858,0.009,-0.009,0,19.93,0.01,-0.01,0,19.04,0.01,-0.01,0,0.09,0.01,-0.01,0,2.81,0.22,-0.22,0,1,<a href=https://ui.adsabs.harvard.edu/abs/2019AJ....158..114H/abstract target=ref>Han et al. 2019</a>,1.041575,-2.035326,,,,,,,,,,,,,,,,,,,,,,,,,1.98,0.08,-0.08,0,,,,,,,,,,,,,,,,,,,,,,,,,17.33,0.01,-0.01,0,,,,,,,,,,,,,,,,,,,,,,,,,18.63,,,0,,,,,,,,,,,,,,,,,,,,,,,,,1.68,,,0,,,,,,,,,,,,,1.42,0.01,-0.01,0,0.77,0.01,-0.01,0,,,,,,,,,,,,,,,,,,,,,,,,,,,,,,,,,,,,,,,,,7717.7,0,Multiple-planet (II) 3L1S solution: wide solution for planet b and close solution for planet c
224,OGLE-2018-BLG-0740L b,18h08m42.47s,272.176958,-29d50m08.9s,-29.835806,4.8,0.6,-0.6,0,1500,200,-200,0,5,0.3,-0.3,0,1,0.1,-0.1,0,3200,500,-500,0,8000,,,0,2458254.223,0.033,-0.033,0,0.033,0.003,-0.003,0,70.12,5.16,-5.16,0,0.5,,,1,1.26,0.01,-0.01,0,45.4,5.1,-5.1,0,2.512,0.01,-0.01,0,21.54,0.01,-0.01,0,17.13,,,0,1.24,0.15,-0.15,0,6.5,0.8,-0.8,0,1,<a href=https://ui.adsabs.harvard.edu/abs/2019AJ....158..102H/abstract target=ref>Han et al. 2019</a>,1.73877,-4.804165,0.188,0.042,-0.042,0,,,,,,,,,,,,,,,,,,,,,0.28,0.04,-0.04,0,,,,,,,,,,,,,,,,,,,,,,,,,21.53,0.01,-0.01,0,,,,,,,,,,,,,,,,,,,,,,,,,16.87,,,0,18.21,0.11,-0.11,0,17.13,0.01,-0.01,0,,,,,,,,,,,,,,,,,0.5,,,0,,,,,,,,,,,,,1.49,0.11,-0.11,0,0.87,0.11,-0.11,0,,,,,,,,,,,,,,,,,,,,,,,,,1.08,,,0,0.4,,,0,,,,,,,,,1244.4,0,Wide+Point model with wide spectroscopic analysis; true semi-major axis also listed (cf. Table 3)
225,KMT-2016-BLG-0212L b,17h53m45.42s,268.43925,-29d05m12.80s,-29.086889,18,20,-11,0,5700,6000,-3500,0,2.2,0.7,-0.7,0,0.48,0.38,-0.26,0,6300,1100,-1600,0,,,,,2457463.052,0.249,-0.249,0,0.328,0.013,-0.013,0,26.616,0.88,-0.88,0,1.192,0.207,-0.207,0,0.829,0.007,-0.007,0,368,61,-61,0,3.131,0.06,-0.06,0,20.69,0.07,-0.07,0,,,,,0.42,0.13,-0.13,0,8.1,2.5,-2.5,0,1,<a href=https://ui.adsabs.harvard.edu/abs/2018JKAS...51..197H/abstract target=ref>Hwang et al. 2018</a>,0.784657,-1.603638,,,,,,,,,,,,,,,,,,,,,,,,,0.51,0.13,-0.13,0,,,,,,,,,,,,,,,,,22.91,0.2,-0.2,0,,,,,,,,,,,,,,,,,,,,,,,,,,,,,,,,,19.2,,,0,,,,,,,,,,,,,,,,,,,,,,,,,,,,,,,,,,,,,,,,,,,,,,,,,,,,,,,,,,,,,,,,,,,,,,,,,,,,,,,,,,,,,,,,,9150.54,0,Close 1 model
242,MOA-bin-29 b,17h57m30.23s,269.375958,-29d44m11.63s,-29.736564,0.6,1.2,-0.38,0,190,381,-120,0,0.48,0.12,-0.1,0,0.03,0.07,-0.02,0,7120,1150,-1050,0,,,,,2453931.097,0.003,-0.003,0,0.0109,0.00076,-0.00076,0,3.887,0.21,-0.21,0,8.03,0.92,-0.92,0,1.164,0.009,-0.009,0,163.1,24,-24,0,2.695,0.027,-0.027,0,19.893,0.096,-0.096,0,,,,,0.056,0.012,-0.012,0,5.242,1.144,-1.144,0,1,<a href=https://ui.adsabs.harvard.edu/abs/2019arXiv190501239K/abstract target=ref>Kondo et al. 2019</a>,0.633398,-2.635642,,,,,,,,,,,,,,,,,,,,,,,,,0.448,0.079,-0.079,0,,,,,,,,,,,,,,,,,,,,,,,,,19.89,0.1,-0.1,0,,,,,,,,,,,,,,,,,,,,,,,,,,,,,44.61,2.82,-11.92,0,36.35,3.66,-8.62,0,,,,,32.34,4.03,-8.1,0,33.11,7.63,-9.4,0,,,,,1.4,0.05,-0.05,0,,,,,,,,,,,,,1.023,0.176,-0.176,0,1.02,0.18,-0.18,0,,,,,,,,,,,,,,,,,,,,,,,,,,,,,1.13,0.07,-0.07,0,,,,,,,,,,0,"wide1 model; lens magnitudes derived from Bayesian analysis, not measured directly"
246,KMT-2018-BLG-1990L b,17h53m44.49s,268.435375,-22d09m09.14s,-22.152539,0.348,0.132,-0.087,0,111,42,-28,0,0.763,0.219,-0.145,0,0.094,0.036,-0.024,0,967,308,-212,0,,,,,2458230.465,0.024,-0.024,0,-0.043,0.002,-0.002,0,45.908,2.228,-2.228,0,1.388,0.157,-0.157,0,0.963,0.007,-0.007,0,35.29,3.59,-3.59,0,3.794,0.021,-0.021,0,19.36,0.05,-0.05,0,,,,,0.88,0.11,-0.11,0,7.1,0.9,-0.9,0,1,<a href=https://ui.adsabs.harvard.edu/abs/2019AJ....158..151R/abstract target=ref>Ryu et al. 2019</a>,6.761819,1.913513,,,,,,,,,1.386,0.262,-0.262,0,0.198,0.049,-0.049,0,-0.359,0.539,-0.539,0,4.139,2.294,-2.294,0,1.23,0.09,-0.09,0,,,,,0.064,0.007,-0.007,0,,,,,,,,,,,,,,,,,16.79,0.1,-0.1,0,,,,,,,,,,,,,,,,,,,,,,,,,,,,,,,,,,,,,,,,,,,,,,,,,,,,,,,,,,,,,,,,,,,,,2.73,0.02,-0.02,0,0.6,0.03,-0.03,0,,,,,,,,,,,,,,,,,,,,,,,,,,,,,,,,,,,,,,,,,742.01,0,close u0 < 0 model with positive northern component of microlens parallax
250,OGLE-2015-BLG-1649L b,18h04m49.21s,271.205042,-32d37m58.90s,-32.633028,2.54,1.48,-1.39,0,807,470,-442,0,2.07,0.65,-0.77,0,0.34,0.19,-0.19,0,4230,1510,-1640,0,,,,,2457241.17,0.033,-0.033,0,0.1146,0.0028,-0.0028,0,28.312,0.339,-0.339,0,1.265,0.055,-0.055,0,0.902,0.001,-0.001,0,72.27,2.12,-2.12,0,3.08,0.007,-0.007,0,19.43,0.02,-0.02,0,,,,,0.556,0.055,-0.055,0,7.138,0.674,-0.674,0,1,<a href=https://ui.adsabs.harvard.edu/abs/2019arXiv190711536N/abstract target=ref>Nagakane et al. 2019</a>,358.875448,-5.421745,,,,,,,,,,,,,,,,,,,,,,,,,0.703,0.062,-0.062,0,,,,,,,,,,,,,,,,,,,,,,,,,18.21,0.07,-0.07,0,,,,,,,,,,,,,17.57,0.12,-0.12,0,,,,,,,,,,,,,,,,,,,,,,,,,19.68,0.73,-0.67,0,,,,,,,,,1.22,0.07,-0.07,0,,,,,0.41,0.12,-0.12,0,,,,,1.51,0.03,-0.03,0,0.69,0.08,-0.08,0,,,,,,,,,,,,,,,,,,,,,,,,,,,,,0.82,0.08,-0.08,0,,,,,,,,,4256.21,0,Bayesian analysis with Subaru data